0,1,2
MYU,1283,1
LJMRD,1334,1
UDVRZKM,4601,1
GQGXTL,11736,1
DPOTWY,38162,1
CQGRWUSF,46909,1
GPVYTNVHFB,48215,1
PXSBLAN,51980,1
RTCWWSEWU,53047,1
CTXYEGPL,57323,1
LQO,67826,1
DGX,71289,1
CWOOROKK,77124,1
FIEPS,85948,1
QOSAO,90407,1
FKVK,91644,1
QDJHBWVUF,91860,1
SWROFDY,92397,1
VEXOJ,97271,1
DQB,19753,2
SLTNVWR,20299,2
VPRFZE,21686,2
CAZE,27799,2
AQMYRFV,29352,2
TCIMKZ,32877,2
ZOFWKDKDX,40500,2
WZRCBVMZ,47598,2
VWVOFB,49269,2
KQGXE,50723,2
ONVMCSBJE,51406,2
NWTRDEAT,51878,2
NYWVRZZRA,53155,2
ZIOIEO,56537,2
YREXDM,57121,2
BYGFRLOVWV,57223,2
KFGFLQBFGU,58993,2
MYCNFMQOZY,61937,2
HUCIXBBYEQ,64509,2
GYQ,65266,2
CIUAART,67568,2
CLTKM,67761,2
DPPBXO,76858,2
UGFXAGB,77419,2
JTDVCYGBIY,86689,2
GYS,90239,2
AHQ,90374,2
GNSAEJ,92614,2
BOOQJX,94558,2
IHU,96040,2
GAMKXJNJI,5958,3
BXWKXQVACZ,13267,3
DGXO,21855,3
OOUVALFP,27126,3
PIVUADHDVC,27651,3
ZMTBAF,28897,3
NQTPE,32779,3
LAWGB,40726,3
KFAYJLNB,42775,3
ZEZFOUY,48646,3
SLJZGS,51229,3
PQOFAY,52797,3
AGYMAWZ,55010,3
SYAOZWKNY,55161,3
OMAMFCQMLG,57757,3
MESF,67957,3
ZDF,71875,3
GOX,73292,3
SQPDASIF,77061,3
IEDHZPRKG,83520,3
YWHQBS,89135,3
NOFNAOTEM,98998,3
SJO,99739,3
WGI,5079,4
MTQJCUAB,5989,4
NGV,7616,4
VAQHZLJW,10146,4
CCOS,17575,4
OVX,24303,4
NXPMTDU,28109,4
VYJR,30149,4
XYM,36351,4
YYWDK,51068,4
UWRGAEMZ,57508,4
HJXTV,68098,4
RBKT,75167,4
CGJAHGZFPC,76797,4
MQK,77649,4
NCZGRI,86822,4
QHJHRJGKL,92771,4
PKLSA,96314,4
SPYR,97127,4
XSHGVIBPQ,97175,4
TOODLTJZ,98022,4
SGFXAR,98727,4
DZVWJKT,6456,5
EBBVNYRKO,10069,5
NNTS,14450,5
YMK,21014,5
KBVA,27349,5
ISADUYBEH,28630,5
ZVZYTAIAAY,31833,5
UXRMTNYIA,34307,5
QWE,45851,5
KROIF,51252,5
JZZMJZ,59069,5
TIFYUH,59680,5
QVUE,60015,5
DYNRSHSVPF,61792,5
KXQUYXZXB,68297,5
JAJN,69488,5
SZEMMMH,69820,5
XPWHGTUQKR,72208,5
DVBPUFK,75859,5
YAVGVMVD,76493,5
BSQSEVNRH,89776,5
OENSUCXFL,92933,5
AYYN,1063,6
GZXG,6837,6
DOKLYVBUVF,7452,6
BQLOTX,8433,6
ZLOKKUPQO,8706,6
VNDKODQDG,16191,6
QNRSHITEJB,22642,6
XZORQGB,23961,6
XCIMCK,28004,6
INM,28526,6
AAMHKEFUA,31226,6
EGMWBCFGHO,41294,6
ADDLCY,41558,6
NZLMJA,51854,6
YUHHVEJ,54742,6
JQI,59516,6
IPPSEEKITM,62796,6
HKRB,63350,6
RGFNIGLMH,67284,6
XZJAN,70918,6
ODPVG,72268,6
SVFKTRYRFT,74114,6
ZBMWI,76678,6
UQQ,78377,6
SAR,79251,6
KRY,80348,6
WENFE,80931,6
IWFEASVTYO,89001,6
WISE,91136,6
UVKXPEFCXF,91909,6
VHVBGTD,93027,6
OBXXRDGOQS,93182,6
FBTEUZBOTV,4624,7
LNANFM,4809,7
EMKEW,6511,7
MEXOUSQC,6892,7
ZQHR,6977,7
SAZXYSQ,8570,7
HKMXL,14986,7
JITSP,18131,7
URDOOW,18136,7
GFRLPRY,25957,7
RLLSBRSRR,39879,7
ZRUCYGHOJW,43805,7
WMAFPXQCX,44892,7
DRVKES,49172,7
AYVOSQ,49712,7
JATHCGVE,51604,7
PVLMP,63676,7
HHDLVNB,65288,7
GUW,68880,7
TBMEQL,70878,7
BZXINOQZF,72781,7
LOQHJ,74944,7
HBSQE,75190,7
JUKU,79055,7
ULYTRNTF,79795,7
ZFLW,82306,7
FFWQ,87426,7
KGEHZMEX,89735,7
MAQVTNSGJ,92175,7
VMARTRIARO,95423,7
NWYIULLD,95567,7
EDBV,97896,7
SDKT,99956,7
XBBNNC,1324,8
QKYGLPGAF,4747,8
FIYNSUNEM,4994,8
JVK,7311,8
MVX,7641,8
WYEXZKDCQ,12280,8
WZQ,15962,8
TBVTCKN,17613,8
UJYWMBCC,23253,8
LREQMJD,23365,8
JYJ,32507,8
SPL,37322,8
TKO,43222,8
JAFKUXF,49680,8
FWDSTZFUT,55080,8
LTMVGBPGCU,57372,8
JNM,59584,8
GKZ,62577,8
BQVIEORK,66333,8
GOSUCGZZFL,67371,8
TCVDI,69347,8
YCREGRCUKV,70030,8
LXV,76579,8
JVNBEQ,78896,8
DRANZNWKDT,82669,8
WMHNEFZ,84308,8
IVYCD,86281,8
IBQLMHHIMX,93450,8
YZUYMOP,1487,9
ZSRZLFUHDO,4019,9
NOFQ,9909,9
QXLTBWLC,12247,9
WIDWKEAXJ,21118,9
MBMAO,22631,9
CPIACXMBNJ,24522,9
QSE,34846,9
BBD,35913,9
SWLTS,38574,9
NYWT,43024,9
SLPEHKIN,47203,9
BOPMSVZ,47372,9
ADCZWZ,53968,9
SLRHPTIAEJ,55668,9
VUSAKVUFX,56754,9
VKDPCOX,58788,9
YGP,59339,9
TRFXG,67754,9
WSWZTUW,68599,9
NLC,71195,9
UHXVKXO,72653,9
JFSUCCP,74896,9
LIM,76624,9
QOZHN,90237,9
NOXIWURL,96239,9
WVYVO,1653,10
DKTO,3951,10
JMSKGTAGN,8153,10
SCCXJFWRXK,13896,10
FDWCYZIHD,32465,10
HARGWDCW,33066,10
WDNJZAGAL,46276,10
BJVFNWFTN,49701,10
OIQQPFSINJ,54028,10
TWVDTQVJ,54173,10
VKL,61023,10
PCBCXB,64695,10
MWXCJHFX,65335,10
TLMD,65587,10
ACYL,66488,10
UTCGO,66776,10
IYDITLH,66805,10
XPPDODWUBH,71088,10
WMRDGBIYDQ,73140,10
YSBA,74178,10
IITO,76218,10
EKSPICZGVS,76371,10
BWKWHPUD,78512,10
PLQLWCXCKL,79771,10
WBWWLO,81544,10
RIQIWO,82777,10
LCAMGY,87449,10
LPKGECKUW,88656,10
PHWSZP,3877,11
DCEBYJSD,10911,11
JCJCJI,12924,11
UOKLBNNRR,13909,11
ZDWQ,18526,11
DHNZGLY,24810,11
XCQVGJECPU,25266,11
SVKYJECHEP,26763,11
QTFU,27702,11
EFM,29543,11
OTWWGM,32551,11
VFA,38905,11
JLWKDLOS,48409,11
ZPW,54580,11
OHDPN,62398,11
HMXE,65689,11
NUOV,66787,11
HZMTYJ,67087,11
GMPSYQQ,72791,11
RYKAAQQMCD,81347,11
SATKBESLY,85381,11
PUEHUNSAA,85752,11
RDKCVFQF,86321,11
ZSBREZFRX,91297,11
WMKUWI,93529,11
MAJSX,93621,11
RVUGQC,94572,11
WDGCZ,2085,12
OUPDYBGI,4557,12
UNGCVITYZ,8653,12
BBKKFLS,9295,12
WCXY,10741,12
JWIH,10912,12
XYZAFYQNQ,13379,12
AFFLI,20096,12
ZREFSLRUD,22801,12
DYJS,25486,12
FGZJEQDMIR,26525,12
MKQLGNRP,27952,12
AOV,28722,12
TYZRC,30665,12
MCU,32326,12
GSFIXAY,37567,12
RIDTQB,38519,12
JMLZ,39429,12
WOJDCANV,41467,12
XRQYABZGNM,50502,12
IHJGU,51027,12
YVEIC,60346,12
TUASNZLFZX,62008,12
YES,63245,12
OKJJ,66914,12
RYHBKQYEFF,68065,12
WYM,68579,12
BQUYQYWP,69192,12
VWCRHHVQ,71730,12
LRA,72740,12
UXRVWZHFN,78804,12
UNC,97361,12
OCXPQFXE,7740,13
SCFHU,9918,13
SMNMXNEPU,12158,13
HFGWLJDLC,13407,13
PWDMEYASBR,23907,13
SFBDKRT,24691,13
XWSUOWVFRU,30226,13
PLZTLIJP,31460,13
XWEZB,38959,13
KGOUI,48667,13
HXKSQHG,49389,13
NBDGB,52815,13
RMJFLSWX,59322,13
NDXEJ,66299,13
CHUIM,75352,13
ULYBRKIH,85888,13
QSGSKCTQF,86297,13
YLHLUH,88487,13
EPKSBOVXJ,91074,13
JXV,1041,14
RFNEFEPQM,1077,14
TMD,7304,14
RQMGQXXBZ,8887,14
TWOYYRJLPX,11772,14
TFZSBEZGN,12972,14
PQCUGVY,14462,14
WIQUFDFV,15176,14
TRKWUCLE,15546,14
SBRQYDOX,19602,14
XADVS,19981,14
GTTJCZKV,22684,14
VPBBCE,24835,14
KNOWDZ,29865,14
SCXRPAYJ,37283,14
RGGRZSLTHF,37959,14
KORDJWHBZJ,41965,14
NPZRMNL,43862,14
PZXDUUR,52046,14
DRRDZZZBJK,54551,14
DLFRTV,54970,14
WNNRAR,62067,14
DCHJ,66087,14
ROM,69339,14
IZJVHRK,70540,14
ZVNPWBHYZZ,73688,14
NMFZPBAG,81116,14
NYHJXN,81751,14
MQKHG,82719,14
GMKV,85590,14
RHKQCCBS,87762,14
HOTBYDVV,93777,14
RGYHIT,97350,14
WRNJ,98325,14
LLRL,3605,15
JSTZFAJIRS,7977,15
QWUP,10848,15
XCPNULQ,14887,15
GBXBBND,15407,15
QFEVLWU,18568,15
CMIYN,19185,15
IFQ,25617,15
NTNDBQ,28493,15
EFVLYNIM,46805,15
GVOLSTZFAW,50482,15
OCZUD,60069,15
CQXBFWEQI,66053,15
NFE,74464,15
GLAPQNG,80363,15
VHXBNFX,82002,15
JRDSVD,83751,15
LOZQX,94168,15
IHAAOEF,95187,15
ADRHKRLD,96627,15
OPBPWLBYFT,99512,15
VBLNQLQNG,8125,16
YORYI,15177,16
YSR,24554,16
XEF,28296,16
QAVDIAELDF,32110,16
FAHWX,32747,16
HXETSPMM,40654,16
QUUJX,41098,16
DOITQOPIA,43285,16
LCOGZAC,45618,16
FSWLRBMLF,51969,16
ERSX,65314,16
NLLU,65522,16
YAULXI,70501,16
EMIJQU,71525,16
FKE,74356,16
PKZVQHHGQ,74682,16
JNPOWQU,76525,16
MMCBTF,78989,16
NJEKVDHAS,81073,16
LNQJDGVSTU,85713,16
DXHOX,96178,16
TTGCXF,99570,16
GTGQQDLB,2379,17
IGSEKQDYY,2812,17
FXPHBDNH,7703,17
RZKPLMUMCE,12452,17
JRPVUJG,27159,17
UGA,28509,17
YOWV,28974,17
NQGKV,28990,17
HEWGXLO,30984,17
RNMM,41746,17
DKIG,66082,17
KLGTRXN,76934,17
PJQWF,79923,17
CKPXJDXVP,80460,17
HUEQOE,85324,17
SAYZJATV,93126,17
SWISGWS,98467,17
MASBDG,99574,17
COEJC,9459,18
TISIIBM,12288,18
PUSVVQMUOM,24591,18
QZEJVWG,43126,18
VIWTG,48398,18
LUNEPI,49696,18
WCBKOCPB,50393,18
JHWP,58474,18
HNQUKXCILY,61803,18
CAJ,64677,18
OZINFHWGRL,72064,18
NTYOV,78529,18
FYNDGQIAU,85212,18
QSAYSTQUT,86088,18
CECJ,94580,18
MOUBJ,5964,19
FPS,12823,19
PBGF,29293,19
CKABOCM,31115,19
DEMUMZM,31655,19
KDFOSNT,33576,19
JILNLE,34870,19
GXSDGB,35257,19
KXQ,36242,19
DIIDE,56317,19
BLOFN,59791,19
OIDDJN,65857,19
CERI,71922,19
MBRAFPJ,72690,19
HGGELSAMC,74986,19
WOKEEWIGY,76469,19
KJVCRAVRN,79624,19
YAXPSFGK,82611,19
LEGNOQAXT,84556,19
HNDMRCALHU,86185,19
CICSHIRL,87805,19
VYOO,99862,19
XOB,5908,20
OHEQJ,9377,20
THBFWD,14191,20
EPM,17318,20
JTNGSL,20845,20
TLSHZRNUXU,23668,20
OQZXRE,27619,20
PHSPOZSV,40700,20
DWJQVNU,40840,20
WVWLG,45451,20
YXMNSH,46394,20
IEIRTTZW,60993,20
BDPNYL,66047,20
AONFVZEG,70933,20
GLIULIZUD,78173,20
TZBJRDTRC,81064,20
RSTXXWYJNR,85861,20
JCEOMGGULS,86108,20
NDBRUA,87029,20
WRYDJ,90991,20
ILPX,94900,20
XHPLYKRW,96925,20
QCZT,3798,21
NGAGMBPD,10954,21
TLJSWSDVE,23476,21
BIAHH,25787,21
CUYNCIMTO,31901,21
TAMSV,32164,21
UDOJUIIZ,36428,21
ZYIJQ,45575,21
BZDSNKFVAT,46992,21
BMJMZKJVA,53191,21
GMJDPTKQO,53854,21
KKHGFTCT,54697,21
CAXK,56199,21
ZZMAHWK,57113,21
AZEQLZ,57197,21
PAFEBOVT,58426,21
LXNJFV,64125,21
UDUMQPKE,65613,21
TICMMEL,66359,21
MAMHHBI,68169,21
ECZRSZ,70673,21
FIEWRVRZ,71627,21
MXMUWBBAJM,73219,21
OXJUT,75093,21
YCAC,82008,21
WDCTVP,89824,21
JBIOLVU,93595,21
KVYUOV,93798,21
RYRPXBT,93989,21
LDEFODPARH,94974,21
IMCTTJJX,2370,22
IQVHXR,3296,22
BMFE,6372,22
MGKTETS,9793,22
EKXQEG,11919,22
DKRCVMGZVU,13474,22
KWXY,16836,22
XJDDJ,19601,22
HQYKGXMJHM,21581,22
JQUUTQ,23038,22
NYP,25137,22
IWXJEW,28650,22
NMG,33236,22
ILQSASM,37557,22
AENAEFWR,38152,22
PVDQCPCY,41679,22
YOWHCQQQOT,42489,22
SYNL,44346,22
HKDJTRP,49994,22
VRC,50887,22
QYRUUUBTG,51142,22
GMAWDTBS,58022,22
VNK,61480,22
BNLNZOYSZR,63160,22
QYSGTDH,72214,22
HASRCLJRX,74934,22
HBCVBXLBR,77770,22
FNWUJCEHT,81224,22
TTKTGHCL,82425,22
ADOIAKEE,83438,22
AWORNTEE,89943,22
WCGDXHG,11360,23
YLAJHMUM,12405,23
PHGTD,21164,23
JWBSRHTRQ,24961,23
NYPH,27395,23
UNIFIF,31977,23
LHSYTPCPR,32934,23
TWHVRJVO,37507,23
ZXCQWFSKS,40745,23
EWAQPO,47448,23
ZXBMJE,50426,23
MTYGK,50504,23
OUSEA,56844,23
SJGP,57603,23
QZJDGTKIXP,60350,23
EBIPNFF,65992,23
TCKLGRT,77791,23
KCUBYK,90761,23
EPSKDMMAQR,92657,23
CERFEHX,97598,23
CRJQB,3896,24
AKPMKTZZ,6701,24
IACWNLR,8539,24
NXXHNP,9430,24
GAYQWIATBN,10223,24
NSH,15573,24
EPGDUAEYNS,17177,24
YSROHWPM,18602,24
XNDN,18858,24
DIN,20588,24
ZWOAXE,21469,24
BFKRFCXXQ,22972,24
BZGTSCXHHT,24151,24
ZVCHRHWT,25327,24
WVXSGFYII,36964,24
HVEHY,38512,24
GCIOCT,38569,24
ORSBLB,49305,24
DNPJ,54681,24
LBNZUAWSSQ,59403,24
SSVDC,59610,24
ABDDHY,66226,24
ETTGA,66870,24
TDVVSZOJZS,68793,24
LTPUX,79459,24
PWU,83846,24
AQZUN,86657,24
GQGYDZFG,94938,24
VKQ,3694,25
GPNYAZXU,5589,25
IBIVEPBIPD,7713,25
LAX,8011,25
ZVIIWA,8710,25
JHMXC,11369,25
XCCR,18926,25
RSBEDW,22442,25
WRDAAEJAD,26599,25
XLWNHY,30773,25
ZKP,34375,25
WOJW,46594,25
YXMR,48124,25
PBAXQ,51305,25
CNSZRXWJO,57894,25
PECGPDYW,60072,25
GIPUT,66575,25
IMHDINQUOR,85434,25
RFBXK,90293,25
BKUTPYOZM,90525,25
HOJOP,94316,25
XZHTUY,97805,25
TAXP,16635,26
CPVWGCTKCO,16841,26
GUUF,17807,26
ITLXHAVQ,19476,26
QMTAT,24417,26
WVZNM,39396,26
LEM,46623,26
ONAQNEVNIL,47615,26
KOZ,50475,26
JMAO,63130,26
YPRWBLTP,71672,26
NPEUQCIEJT,72596,26
SMBNPX,73505,26
RXRSPGDBMT,76333,26
PNL,81727,26
BUFYTXZEEA,86312,26
MFW,96474,26
VQPBTLXHLF,96774,26
GGE,2893,27
PIPXKO,3519,27
TISHF,3736,27
OZSXD,5288,27
MKLPC,10283,27
XVTYWYTDH,16137,27
KWGV,20355,27
GUNB,21546,27
EVSPTE,27593,27
JJOASGXR,34125,27
XQTTFTLIM,34691,27
ADWNNJCA,39409,27
FWSFLGE,41720,27
PAPUTRBUCE,42978,27
MLGWRELUFN,43548,27
BCA,43553,27
LMCW,46871,27
VFSHOF,50599,27
IKZUBOO,52060,27
LCQ,52117,27
FML,53225,27
LTCADSYZ,65084,27
IJJ,67059,27
RHLQOX,70586,27
UMBXTF,80808,27
VSXTJ,80836,27
FDFLOSFQ,81820,27
BIC,89183,27
EQRFLEU,90962,27
WKX,92755,27
JIJPX,96321,27
RPAHD,96543,27
UETVL,99265,27
FBHO,1477,28
NQUSYVJOW,2154,28
PQPJTOZGV,8941,28
YFAJ,9407,28
DFLLYE,12034,28
BLZYRMYHG,17627,28
GYL,19761,28
GDNIN,22101,28
DHBG,24113,28
LAUOMMSP,25700,28
XBYCGQI,36846,28
HGZ,39802,28
WOYNYRIUA,42220,28
WLBXSFHJZ,43550,28
WBFVIRLC,44748,28
BRHDUOWPA,47092,28
BMUX,54460,28
RJO,59108,28
MCNG,67628,28
NOEIGSJR,74241,28
STFTNLU,76807,28
JOINUYU,78890,28
JXT,88137,28
HIEI,90595,28
GFPSB,91294,28
JFCOFTRYEY,98028,28
KNMWOI,3055,29
SCLFIMPFF,3708,29
EMC,9853,29
BBDO,12566,29
YNNNYGMK,12804,29
KYJFSK,19832,29
LSEAGXSP,23355,29
MAHVFK,24278,29
BRCS,31196,29
PLUMZELYM,31452,29
WLYHKLXM,32365,29
KIHOS,32906,29
NLQBRDTTJ,35217,29
JLJE,52475,29
TQRAUC,60755,29
VBH,60992,29
VDT,62994,29
JXXOLNLAXH,65892,29
FSEUAELUM,72055,29
QCTJUEGTUI,74894,29
TOBA,80638,29
EHY,80662,29
ZBKHB,82866,29
DBNK,84458,29
IBTZRWE,86312,29
NIZA,90581,29
OQAPAIU,2916,30
LMZYEN,5519,30
LMTI,10035,30
QWOFQD,10951,30
HLVKRJF,11672,30
YAOXNWV,24291,30
KHGHD,27800,30
ZYJ,28346,30
BCFKXJZA,37658,30
PDYLQJVOKD,53185,30
FZGCDDSK,56261,30
VWDE,59901,30
PEQFPIA,60133,30
FFQ,66946,30
NAM,68054,30
YGJTLSATP,68591,30
KTHNEZQV,69139,30
VGK,71129,30
MCZ,80765,30
PNF,81665,30
KBSOLQMZ,85620,30
EDDSCO,85663,30
OTSPH,94611,30
BTT,4093,31
KMKSONP,13538,31
ALYHL,19793,31
SULB,20799,31
EMWCWDFY,25282,31
SVIQXYW,43483,31
BLL,44635,31
CRNHEXPE,45961,31
SZN,49343,31
RXEHV,49506,31
LYLGA,52872,31
CLHQSKPMM,58428,31
OLTE,70053,31
LPTDIAFIWY,75782,31
LCAGZYR,81211,31
EJSCLLLGDW,83347,31
SUQIS,84355,31
XVQIGEDSLA,84533,31
KAYDI,87043,31
BMUFZW,88400,31
KNMESQOD,94982,31
YQEAUBUDP,14974,32
VKJRX,17341,32
FWZWYM,25074,32
YIXJEQIM,26359,32
FXJRE,27348,32
XJCFBYUTR,28101,32
DOINCNVO,32849,32
ONBJSFVKSY,41536,32
VUWIZZV,49600,32
UOCOILYIC,60579,32
KNGEE,64322,32
LLABCEGI,74402,32
WHDPG,75813,32
UWLFKODIWL,76650,32
ZJVNOSWBB,82583,32
HLAVM,83356,32
YVCLWRRE,90165,32
GGLBR,91768,32
LUCIA,92596,32
URHVWHT,92651,32
VQE,92996,32
NUELNSEJZ,93158,32
PBXL,94329,32
VRLVGO,97916,32
ASXDEUHCI,99487,32
JDVL,1303,33
FJUG,2746,33
LALKIFO,5453,33
DYDHPIXE,6293,33
IGV,10340,33
LOWCPRRKT,14179,33
SBEXYWFPYS,16598,33
UYNMTZR,33864,33
CDFEZZN,40953,33
PVNKI,43475,33
TJEDNCINK,44338,33
FMDYLI,47535,33
SOWAETL,74962,33
GDVA,75953,33
DDUBCC,77644,33
LYVHXSM,78152,33
IVPWUKWKF,83516,33
IKYBOQ,84963,33
LUOZNDBAV,89064,33
CHASSHFKM,89460,33
MPGBVRCYF,89593,33
NPF,91420,33
JWXJYG,5971,34
EJZE,6239,34
IBHRUVMBUL,12532,34
OHJKFAKY,19926,34
EXPIFQCPG,26577,34
OAKYBKH,29162,34
YXV,29847,34
JZCB,34519,34
DQVYDWOF,40585,34
QPJOTXG,40767,34
JQFVG,46861,34
KNUPKQNKOS,50759,34
BNPECO,51121,34
LXEDXJ,55184,34
LVF,55977,34
HFXEWZGROR,58794,34
MSVRL,62965,34
XMKYRB,64354,34
QLAYZ,67448,34
CYV,69528,34
SGRFOVYON,80223,34
SIOT,89429,34
KZZKBX,3235,35
KCFAYM,4540,35
XYHGCGFGF,5764,35
NUILH,6331,35
AUJNJMCT,7790,35
CFLTRND,16460,35
JSTKKR,19039,35
FYYDK,24543,35
ZJUSMTJ,25218,35
OEKKN,26358,35
XCPQJ,32751,35
KOBRJLZWEX,36719,35
IWRYVHUZB,40606,35
TDKDTJANVO,49349,35
GEBM,49638,35
MOR,52971,35
BDJAVKXNUK,53411,35
WVINM,56257,35
NTNMT,57764,35
KQNZBL,63082,35
BSJZHBW,66767,35
RTAC,68854,35
JNYRSE,78146,35
LEGQTA,78235,35
XFNO,78266,35
RVKZSTQTZ,85423,35
WFXDEWD,93036,35
UUOYSM,2965,36
QVOQX,3256,36
IJBD,10244,36
LJD,19088,36
SXVALVS,26222,36
FLRSQBGPY,29374,36
QSEKYFW,30009,36
WPL,32874,36
ACPUWMI,33983,36
NPYTGBQYN,35442,36
CSLZP,36323,36
KWIDNORZY,44900,36
KGDGKT,47489,36
ZKPGBXOT,48709,36
TBQXJT,53273,36
GCVFQHHR,54948,36
WAQDAIWI,55776,36
YRQJTHWKJ,57958,36
GKIKYHBW,60335,36
JJJ,69932,36
SVSTLS,72594,36
DESHFIKF,72711,36
JDDBBDNVQ,76020,36
ICGAUF,77958,36
CANOOX,80200,36
BPM,80543,36
GARGGBH,85466,36
XOIKR,87629,36
WSKAYRBQP,90510,36
PEHYGW,91051,36
GOMHDG,99107,36
KAHEHSJY,1413,37
WMLDXEXK,4633,37
ILLGLVGVBO,6285,37
PNQOKAWF,17233,37
UQHJQHRTXB,21170,37
NGKJKQDO,24459,37
GFNQNT,27391,37
FQZSLMIQQ,32657,37
FXCLVECEU,36191,37
JXHEPKT,36783,37
IDA,48933,37
JHOTOAG,54608,37
UXUWJG,66424,37
YHV,69287,37
SHIQFM,74289,37
BQIIJOXP,75182,37
ZCTAPYX,87736,37
RCO,90987,37
OXCFGP,94724,37
KKXVJLPHM,6477,38
SJMW,11096,38
YCBOULK,12051,38
EHXAOXHSKO,12069,38
IURVFA,13439,38
JMR,18970,38
DYCCU,23343,38
OTUZJNSGU,24641,38
YKRIJ,27026,38
KFFIBBYYOG,36772,38
YLS,43625,38
UYPNEOT,49924,38
CWGHM,50653,38
PMRQFLHTAL,50920,38
UBJMJXOVTC,50987,38
ONUCW,52045,38
XKKMYK,54124,38
ACSCLOJH,64624,38
LRCPXR,64672,38
ZMWU,66817,38
AEYIDXGW,73191,38
TPKA,77934,38
ZCPTR,91357,38
NKAQT,98510,38
KEB,3015,39
MKZIEP,3220,39
OWWP,6325,39
BJZE,6760,39
FQAUYSGRFF,9451,39
EBXFLPEIY,11077,39
FNOQ,13813,39
DDZXGR,26560,39
AVAXEDTOI,31350,39
PACQEYY,38593,39
YQDDA,38781,39
FEEETYPN,40782,39
ZXESVUEZ,50804,39
XCLQFZBISQ,51304,39
VMXWVQOZC,61685,39
NXIRPX,63408,39
RSLTEJ,64411,39
GHVVIQQXA,76815,39
TCRXGS,81677,39
AOLTEOQZOB,82964,39
YIWVMXZMMO,84647,39
MNASOZ,87078,39
TYELKGDMXP,91020,39
DGG,96384,39
FVPCAXCTLJ,2548,40
CZM,3483,40
PGOMRWMOKV,4605,40
NOR,4761,40
VIJAGKVIEI,8994,40
CLRFDZ,16714,40
TLDJHMGSL,16740,40
QFZIQFNMC,17526,40
VZDCDEIVFM,18202,40
XMYCODC,19710,40
IWDEG,25886,40
UVBO,27975,40
YEFXWFLCOM,31058,40
PUOLIPEWY,34210,40
GUVP,35940,40
URX,41097,40
UTLJYTJZYC,42544,40
JLKIVEK,42713,40
PBYUHGDWB,45029,40
QNDAJN,47754,40
RHVZALJHH,51638,40
MEBSAAGLA,54216,40
NITMJOE,63273,40
PILMU,64590,40
RKUCIRRN,65259,40
FQPKUKAWES,69169,40
LAGAFFIBH,73962,40
EJPWSIS,74115,40
PQHJZVOPZC,82899,40
CYYUWES,86494,40
XVQYBGC,94558,40
VOMJGYC,97196,40
YDPLDM,97297,40
DBAUW,1351,41
HSKK,4209,41
NFH,8769,41
PHC,11545,41
XVFNV,21208,41
IJOXIUIDG,25361,41
MRD,26114,41
ZKLUXJJZFJ,27009,41
XYM,27615,41
NWIJDH,29213,41
EGBYUL,34968,41
JXSPNSCWW,36039,41
YXLCPTUF,38881,41
AECYCLK,48997,41
AHGUVXFCHA,53551,41
DPY,53812,41
TUNMFWAGHR,59220,41
OXYOCFLBG,60932,41
HSUZ,68446,41
TVX,71881,41
SSQJIXN,74584,41
QUQ,75741,41
TEU,77613,41
MZVNUFQMJU,78909,41
FPM,3220,42
MHLBLJDQZF,5641,42
DZM,7425,42
VZCKYB,7671,42
YVZQO,11647,42
PPTOWC,16932,42
OBBLS,17908,42
CNJ,25132,42
TSZ,29103,42
KJEENUEB,32075,42
PWBINR,34860,42
RWQV,42753,42
HRWWMZ,47886,42
JIVOLXZSGL,51327,42
HFSN,52218,42
ZZEFOVMLXW,55628,42
MML,58597,42
AHOVXMPK,60852,42
ANAVRY,66898,42
AZIIXHBC,66988,42
UIEQSMKFA,83479,42
DQFOMAKAOA,92914,42
HNMUWVZYNX,94040,42
SSJBNDPY,6920,43
HLESDNJYYE,9955,43
TLWONCVM,10648,43
SIHY,17099,43
QRMNXWDVLH,23264,43
AKTLTIEI,28116,43
VFTIK,30935,43
LYMLKIKAZ,32232,43
DLKGION,43509,43
HQZNG,48067,43
WOJCYOVRI,48436,43
KAM,55048,43
GPFSXC,62828,43
BKEXVSK,64054,43
CIFD,70651,43
FYAFQARDVB,72556,43
OQKUDHEOI,78492,43
LMXGM,81548,43
EDGFS,82033,43
SXCSNDDIT,84714,43
KHGCI,87924,43
ONPCCP,88175,43
JMRFDHWX,88854,43
DCVD,91641,43
PPCRLGJZNC,92742,43
VXAKWFLNL,2895,44
DDKBCPHWMO,10711,44
EYNRMOJWPM,10878,44
MHPDBM,13515,44
OSYZ,18311,44
SLTGM,21945,44
PXAPVCHI,30459,44
ZSNJWR,31744,44
FNHLWPI,58613,44
QWLO,70333,44
JPDPNQPY,74364,44
OJDPCOHUUE,77314,44
LLMYDSMLE,80524,44
GWNI,96795,44
AJI,99588,44
OWBU,3608,45
DBHP,7808,45
LQXQ,11612,45
NPJOEEK,18381,45
MSXDYALG,26181,45
HUADQDVC,27410,45
HBBVEYMT,29410,45
YEGZAI,32577,45
ITNHBV,33861,45
MZLBS,34087,45
MKBJKAUII,34127,45
LSKBVXHGGL,34667,45
UUWWB,35693,45
ALUUVOIM,36216,45
DEQPEQ,37565,45
EBNFTNLYCM,43593,45
OSZ,45768,45
JDRTOFA,47480,45
NOL,48855,45
QPZRPP,53928,45
YEJQ,55928,45
EQMUOFYEBT,58655,45
BMNNNRVW,64990,45
REYHXHR,67638,45
VVYVTLZDU,69924,45
OZJKEBDN,70656,45
YVBTIECBK,71034,45
MKS,95945,45
GLOWZ,96056,45
YTR,98256,45
HSOVHQF,4159,46
WMYQVIEF,18284,46
ULWV,23844,46
GZWRXZ,25600,46
OOANT,26829,46
ZGYKDIHEJ,28641,46
XWW,32176,46
WSJRUU,33617,46
FSTJX,37707,46
VGBUGDXKN,38469,46
CAOKTYYQY,42226,46
HXFLYTOHDI,46043,46
SXTJROA,46988,46
JPFCEPEM,50092,46
RFHJPRAM,52885,46
QYZHSFIV,55001,46
OHPG,68880,46
PPSVMEYW,74505,46
ATBWLQIYBW,78856,46
VYXU,79767,46
LZTACSZBZ,84821,46
DVIVRE,86602,46
VDDGAVUJX,87659,46
LVBCCSQI,95164,46
RPVAQOCTDL,99646,46
QCGRJYM,1750,47
UQIXCGHTDX,7637,47
ODAEHF,9415,47
IHVUADCKXM,14306,47
JAWFBRQP,15945,47
BEH,37110,47
WVJSZW,46032,47
EPTMMOVNE,57263,47
ZFN,63549,47
WVAOO,74736,47
UWPPTHPFU,77620,47
LDBT,80119,47
WJD,80522,47
MAPIWIMYC,86127,47
GCLNFVU,89883,47
BFWQH,91857,47
EQUVUCL,93357,47
SVHJ,1092,48
WJRTL,3200,48
RIOJGYOJRU,9214,48
HIXWYSC,11227,48
EEUXMYEQ,15890,48
MGGJ,16694,48
VDUARQW,16922,48
IDVSY,23770,48
ABGAOFUEI,23842,48
EZN,25304,48
DELENQAJFO,40826,48
ESPLXT,41502,48
OUPQFTBZDN,41658,48
CBUOSOAXU,45264,48
PIEMGT,47256,48
YOAZBXUCF,47681,48
KSZDZZNXL,47733,48
QSXETFH,47951,48
BFIDCB,70885,48
EARC,71636,48
SGNAA,78597,48
CSKOV,79198,48
BHTBOHB,82302,48
NNLOEXUZJP,83097,48
BJVXND,84888,48
GHUFRIYEDQ,89310,48
HVED,89621,48
HMQWJ,93917,48
VDJLX,98101,48
EIZGSJCBSK,9797,49
BWIUVQBYY,10303,49
LMXFQTLAV,10705,49
WAFBEES,12376,49
JLSCFE,12469,49
TFFUZ,14736,49
PYOAX,25501,49
YRYHNLCS,38043,49
QQHQMYTU,51917,49
LPYTQOJEH,53001,49
PCE,64923,49
ZYWY,65171,49
FJYS,68743,49
EMB,72142,49
TDXYKKOK,76297,49
JKY,80321,49
OKGRYTIW,86368,49
NOBUMT,96703,49
ZGEAMWB,1306,50
TYRXM,2646,50
YYNWV,3675,50
AMFMNGUJZ,8263,50
EXYNZI,10352,50
HSCDTUT,12046,50
BCK,13552,50
XICJLV,15697,50
WTYQFID,24497,50
EQKUJBL,25176,50
EVCLSAYC,30328,50
RUGIDLYHJO,31937,50
RDXCK,33980,50
QLZCFHUZ,35984,50
VAU,52441,50
XLRWIBGL,60263,50
BIJLRX,62563,50
TVUXMNHC,64830,50
YVWR,67475,50
DHRNSESQPB,68157,50
YMTN,68169,50
MUDPDEZWS,70852,50
VPOH,72516,50
JKV,76123,50
QGSPRVWUEW,82884,50
PHJXP,83508,50
MEMPKYVCZ,86820,50
SNM,89508,50
XMYYWLXNZZ,95542,50
PMUQWAQMFO,6167,51
WCXXB,7363,51
IWGUKDRT,22826,51
FLJZPIPORU,22963,51
QHF,23735,51
LUMJWBI,24734,51
HVKBWURPKR,28770,51
AFWRA,32589,51
VSZFGCFU,36414,51
CRUKVGHWRU,37320,51
DWGUMYFMEG,48848,51
QHONAWG,57878,51
HQKNKY,62180,51
JGMJEALAX,62905,51
DNRTFRTA,67879,51
BPCWW,79479,51
UIVSFZO,79717,51
YRFHW,87485,51
ZAU,88946,51
OSZ,89744,51
XINTKV,93441,51
JRUV,94029,51
HOLQQCHEWR,95107,51
YSXYKGNK,97537,51
QFZV,17060,52
CIENQZ,22073,52
DWRY,25817,52
GHMFCCSZH,29915,52
IXFTFMCEL,44435,52
QFSAFNS,47961,52
TIVWC,58267,52
CEOREU,60927,52
MSZQYPDEI,71926,52
VGE,77415,52
ATTCQTFU,81952,52
MGEUVGY,86292,52
RSRTKJQ,87201,52
XVD,87556,52
VMIDX,87845,52
YCCZ,91036,52
UNETNIH,92519,52
BGEADK,96580,52
LNNSRD,99846,52
NSXDKQDACP,7275,53
VSPWLHDQQR,15133,53
YEU,23984,53
JQQWZ,32590,53
AEDFVQD,35104,53
AHGHH,35503,53
CQOFJ,36143,53
RXHJ,39910,53
MDIZQXXJ,43908,53
NHP,44149,53
UQCFRA,46873,53
PLW,48182,53
ZQMBZI,50883,53
VRUZ,52995,53
OYYUL,55925,53
KNYXTPAXM,56971,53
YTYDTQHNTA,66563,53
MWHYBSBT,70069,53
EUY,73476,53
BTTAKKM,82990,53
GUUXCD,88985,53
CHPBV,89075,53
YIQBSTDTVS,89157,53
YLGN,89787,53
QLLTTBZ,97630,53
ISU,3120,54
BBE,5631,54
OHZMUULF,7114,54
KNHOM,8775,54
LWMCMXSBMN,11906,54
NRUSO,15485,54
FJWESQ,15745,54
OROTAR,21647,54
UVR,23997,54
HYS,24035,54
WRLXZ,27840,54
TITYTNTMGQ,40885,54
ZRNSBEW,41194,54
PNVTRJ,41756,54
GUTEBOFJ,46042,54
HWEMBAWD,53245,54
FVPQAGANTE,62658,54
XVT,71133,54
UYZEJYW,71348,54
FYYB,71966,54
UVPEZPKN,76679,54
BCPVMSWYH,77005,54
FGCQAGQQLY,81073,54
CZGXL,82061,54
QUUWIYZK,85089,54
RWJCVCJ,88189,54
AAXKIZEKHO,90047,54
RBELLDJI,91955,54
JKN,94440,54
SUSTITL,11587,55
VSH,24874,55
LJKWHBI,28465,55
DYCJPC,31173,55
SKDDHUQHZM,31996,55
LKZUKIZZX,33594,55
ROEV,39999,55
DNKKFDVQ,48237,55
RHC,48818,55
MPPHAMM,52492,55
LUNYTJVGPI,53488,55
YRRZ,54824,55
AUQSLDK,55614,55
VACVFGZQXZ,57346,55
SVFCEI,57788,55
XWVGPRIAHX,60912,55
ETSZULMSD,62332,55
LYA,64801,55
QUDRBY,66326,55
UZTBAVFB,70564,55
CGMHMXBIW,72171,55
HHYCMLU,75456,55
SOPVZNJBC,5744,56
LVE,10413,56
NLMZAKTEJB,11471,56
SRB,13094,56
KRBLVZICC,13766,56
XKTJUJ,19172,56
KDRNADGZZU,19593,56
MFH,26786,56
LWWFEDMGS,28208,56
PFEOHAKLEW,35228,56
UWLDJYQNZG,36191,56
ITCADLAGDH,38922,56
HJBMWFVGV,47976,56
MEYCPLTV,52428,56
SFDSE,64253,56
HQKTXE,80849,56
LZKHO,81905,56
FBBQUGMAS,82606,56
ZFRCJNPDAK,85354,56
REPY,88470,56
IPKZSKG,90904,56
DQEL,92585,56
BSQNQPW,94096,56
BVFXVO,95025,56
FCSNRT,99879,56
WVJDLXA,2125,57
NAXRWPLTOC,3554,57
SIAYGX,4359,57
HIU,16465,57
KHFLWG,16631,57
EDVUXEMHOC,21008,57
DOSAD,25769,57
SDWEE,27481,57
KUGFHCOP,27837,57
HPFUIEAI,28719,57
UHACXIE,33169,57
NAW,35925,57
UWXOUCM,46806,57
LXBBG,51602,57
OCHJVUAXD,56615,57
FTTCOE,57049,57
TTWOJHBXVC,60876,57
ECZXH,70980,57
OUJ,80560,57
NVTK,81738,57
APWEXQ,84568,57
VUXWM,84803,57
RXLDO,87435,57
NIDMSTKJGI,99310,57
YFVGYANJF,2422,58
PROOMH,8549,58
DNCSAOAF,9516,58
UILA,10788,58
ZPJ,25377,58
RECYOJRUNJ,27042,58
FKYPKHTPXA,30576,58
BPVOOO,36481,58
FNKXP,39914,58
BXCUBUVUD,45377,58
DULEAIEJNQ,50615,58
AWUM,53086,58
SOPC,60136,58
WYTWZOW,60891,58
JUYIMAZHFT,63326,58
KPJGZNIQLP,64341,58
UQYUM,66965,58
QJELSO,67558,58
LNFSHZU,71211,58
ERUFZSLSER,78521,58
UZSACXXE,93167,58
ALNFMS,11558,59
YJVGRC,13953,59
ZXPSWYMFDV,14454,59
EWER,15996,59
FXATDVHS,16272,59
PRXM,26036,59
GSOH,29698,59
QYCJFPCQ,30870,59
IYWAS,42013,59
HZQ,43156,59
CTAWRX,45552,59
CFJBVRXUP,48701,59
MFFWERIWLL,54597,59
BSJF,57587,59
LACH,66704,59
TXOJ,69088,59
MZGBEYZ,71631,59
BDP,76787,59
VGQRCIXMUY,81810,59
IKMJ,89598,59
LTGSE,94278,59
JEI,3076,60
XMKENGSQFZ,3163,60
BLQZ,10156,60
QMQ,12651,60
ZJOGB,23435,60
QDKOGMQGW,23870,60
KJGD,29508,60
KYDNW,39205,60
QDQZDUE,40172,60
BQVQ,40446,60
JGWRTKSDH,45394,60
FLXJF,52448,60
MODA,64171,60
GSJDEIFB,65903,60
QEFTCXS,77225,60
QRAFS,77230,60
KPPZQVW,80203,60
JVCH,83805,60
MJPZFXOFZ,93848,60
BHQ,97635,60
WCTC,98680,60
STLSIE,98711,60
UVYN,99603,60
KPVY,17978,61
WHRMBSG,20117,61
CAWGTZ,21203,61
WXD,22564,61
PLM,25226,61
JIWBRQ,30597,61
SRGGU,31244,61
FDSTS,31953,61
YHBFMGZLD,41992,61
LQPR,43296,61
MBIR,44689,61
YWWNZ,45789,61
TPFCWMXSD,49360,61
PSZWEUY,50655,61
BMOD,51213,61
LHMRLDW,55693,61
SRHTC,59149,61
QXX,62482,61
NBNO,63653,61
SYPPCR,64190,61
DMA,70441,61
VEVCLH,71047,61
MJY,71903,61
TBNOBCS,74365,61
DGUMO,76436,61
HCOQU,77645,61
QSCR,78196,61
XNGPF,90670,61
CKBKPLM,92192,61
CCI,96670,61
MVFORHQ,97228,61
RTTHLKLQAU,98291,61
QWIIOSAO,5439,62
DTTEW,6035,62
UPMDZ,8132,62
NASBURFI,8823,62
DIYURZ,20082,62
CPNL,44378,62
OAHRGSEE,44406,62
QVA,45131,62
DCNCFN,46681,62
BFC,52205,62
KTKP,63070,62
EEZVDY,68260,62
GHGQHLY,76558,62
AMYJRISR,80203,62
PUUQET,84672,62
WHANTGCR,96742,62
CCDDCEKLV,10199,63
IHBZOS,13109,63
FIPFIIYR,14760,63
UNCCXG,27791,63
GBQKBF,28745,63
WOMH,34268,63
PSCTJ,34825,63
YDTWDXJC,39997,63
HFAAPJVAHE,55461,63
LKVN,55628,63
QSPKFLQSK,60474,63
LFD,62218,63
ONYHLU,64363,63
WMNWOPH,67129,63
SIYOMR,70219,63
BESXATSLEH,71974,63
FZQTO,72419,63
DNQWM,90216,63
WSWJUZPQ,92402,63
CHINNH,94551,63
SKNGXO,95469,63
WKHK,97339,63
YQP,99597,63
KNOUCTOR,99775,63
CXFEVWJWCK,3495,64
FEJTH,13644,64
ELUW,37448,64
STDMUSG,39233,64
ZINXHHY,39842,64
RNGES,41098,64
RQI,46459,64
JER,48981,64
DRFJ,51711,64
SCNIO,57018,64
DJAXCCWUFD,57280,64
GVXCOTSC,60856,64
XPNX,65572,64
VSEG,67514,64
DFDRTJCMKP,72470,64
QHIMSJUZ,84974,64
GMX,87086,64
HIXVIWHHWV,92422,64
DYUIP,95232,64
DFZQGWAU,3303,65
AGF,8677,65
INUTG,8785,65
KDMSJRUYT,13649,65
ONOYRQ,16094,65
WBPAUUQ,23348,65
BNXIF,34348,65
QAORX,42424,65
RPRXQK,43839,65
AJUW,52757,65
TTWNHFBLK,56661,65
EDQQYABV,62480,65
YOACBCQ,71456,65
CUO,72117,65
DJPZD,75729,65
PADMMCC,77626,65
DKW,79234,65
TFIOW,80726,65
SPWCYDOYFU,84657,65
SHMDIP,97923,65
ICDKHDBHIP,98606,65
LGC,6859,66
EJTDHOB,8507,66
LXBXGQKFX,9902,66
BGFU,11831,66
AKUWOQ,20016,66
ATE,29971,66
JRFTAQKS,38461,66
MKPSSEMCXI,41344,66
UGVPGR,42890,66
DXIBWZV,46337,66
ELARUIYC,46817,66
RTFTZB,48098,66
POHPX,48586,66
KDEKTPLUIY,52685,66
QAXWPP,52818,66
YOYZMJUQQN,52971,66
WQNKCNKI,56945,66
LKJ,60117,66
CXITMLV,62609,66
DMY,63056,66
BDIB,63403,66
OPGIOILD,68154,66
BQRWTBE,71920,66
WBCNC,73244,66
LCZHBJP,73269,66
FGIJEN,79529,66
MBHIUAR,80672,66
VKX,81586,66
DHDMUQN,82219,66
SRKRPNKDM,82894,66
CRS,86313,66
XDDKAPM,92780,66
JFEVUR,99183,66
GFOTBRZXK,1395,67
MQA,1616,67
OVABZFOGL,9640,67
BZYMNVV,17055,67
MCKQB,20605,67
XTEVMVOWKL,20973,67
FUHMPK,22095,67
JZSUPEU,23087,67
UDOZGIYGB,32127,67
KLU,37821,67
ECXPI,43504,67
YKURQOR,51791,67
HXBJQ,59367,67
VYAL,62797,67
PGEHXKJ,76080,67
BYUFVOJ,76902,67
HIF,82457,67
EPLNRGR,82651,67
IUUCE,87418,67
PBWNQBCTWS,93484,67
DBCYNIFJP,97471,67
DOUME,2493,68
WIGT,5798,68
HPVX,10307,68
CVVGRTZUG,11131,68
GOUKAHMY,15394,68
IHRQZKKRNW,17086,68
BVHSIU,25295,68
GPDDHB,25848,68
KUEFVUZ,31808,68
IELAETBA,32081,68
FJZ,36621,68
NWUIKM,37830,68
IEQUINT,40869,68
BTDMPGUP,41110,68
TXIINDROZ,43863,68
JQAQ,46379,68
OUAGZY,46738,68
LRJ,47392,68
ZRKHDURJ,50902,68
WLXRAHU,52607,68
WMNVLNTQTG,54929,68
TLG,59658,68
OXNSAPL,60716,68
JBFMSMTVB,69097,68
MDIF,70586,68
YBMDRDD,74301,68
YDGDAV,78668,68
OPSXYMEK,81378,68
UCXAXVZ,81583,68
NEQIS,92814,68
BLK,94181,68
DCJ,96718,68
PBGLQQ,16532,69
ONXRLSZUUA,16818,69
FLB,17683,69
PSPUQHMTKK,18566,69
KSQEX,21117,69
WVUSXALO,37341,69
ZXCX,37912,69
ZRULIL,49789,69
PHFCFS,49872,69
BBGI,69889,69
KNDO,72261,69
ABBV,74940,69
RMOTHJIHE,75579,69
OSPXTOBJW,80161,69
QXEA,81143,69
QMSZWTP,87878,69
POYV,89437,69
EJUAJT,89825,69
MJFZFDJG,2928,70
QFN,4892,70
JBEXPBQA,6106,70
GEVJNJ,8527,70
ZCO,9824,70
VYWCC,10491,70
ICGAUIIVWE,25923,70
JMYALWUDUP,26068,70
FKDDHSJZ,27360,70
IFROFXY,28400,70
ASEJCY,34003,70
ZDNLHKB,36049,70
LZMJJXQQW,38438,70
CDGND,46755,70
XMVBJZ,56661,70
UPE,58584,70
UKFUJ,63123,70
WJOZDF,73854,70
HYXEADDNZ,74305,70
DNA,76802,70
QCVH,88411,70
OVGO,93603,70
EAVXVBX,4814,71
CLDR,7321,71
ABXWYMVBVF,10011,71
ZZNQB,13040,71
GRDBEUE,15149,71
HXAAYEGI,15439,71
OVERLNKC,30222,71
BVWBKGXWF,31266,71
UWFKL,36869,71
YHS,55714,71
JIHSIKVR,55759,71
MRFLIPF,57720,71
WZSROH,62339,71
IXGWILEO,65959,71
YCWYQBY,70456,71
CGHEYDUOBG,71992,71
GWHEX,84061,71
OTYBIJMZI,84160,71
LFWAFZRLPS,85494,71
SUMKH,89099,71
WOS,94801,71
HNYI,97007,71
CPLMZKXF,99370,71
ASQNPOJZ,1568,72
LQAIRTSM,5270,72
UZHIIEZGL,8606,72
BMRCY,17169,72
HRAKFT,19677,72
KXXYSKFYNW,22269,72
IWVEHHAJQ,24387,72
JLVG,45652,72
CPON,48257,72
OMHFJQDBEX,53042,72
ARZFYSFOW,53325,72
TZJDENHUJ,57687,72
JGSTDDET,62726,72
KSRN,63986,72
CNWHX,64468,72
PYVKDQJBEE,82417,72
DOWWX,84547,72
YOMNMQU,87352,72
BZVJOVINAU,88004,72
BRNVHPJ,89575,72
XKIWSWUJI,90373,72
KOX,91717,72
LDRAZKPZDG,93439,72
PXFH,95210,72
FRCPQLZO,98188,72
GEMXPELRE,99644,72
SPRO,1809,73
QVYZGP,3482,73
OPJEMKISZG,8036,73
GLX,14422,73
WCIWDM,14821,73
XKEXKPAZGI,21623,73
WRRAWTHAQX,24041,73
JTMN,25177,73
NLWRY,31120,73
NKKN,42156,73
NLDMESGLHJ,48042,73
RNARQLX,49498,73
IAGY,50115,73
ISXXJ,61774,73
HXYZIVWEFD,66219,73
ILFZJUTC,78006,73
PKK,84439,73
UZK,87024,73
DQWBBER,91380,73
TFCC,95737,73
IPTS,99533,73
HHINOPFD,1104,74
RVJ,14777,74
DHNORBLFM,15304,74
ZUDTSO,20152,74
JMPHQKS,22624,74
PQDRLVOFB,24124,74
CDDVH,28331,74
SMUWFDU,40813,74
JEF,43792,74
GWM,49467,74
FLGFIRSKFJ,59400,74
QBRQ,65329,74
OTINUTU,65402,74
DSC,67020,74
HZATMB,69611,74
EAESERL,77697,74
STQ,79014,74
IAGPLX,82554,74
PDN,85037,74
ECPFFYNM,88705,74
DTKIU,90795,74
DTUIVIU,93602,74
CRMIGGDF,97713,74
GFJNYX,11338,75
OMTISB,23920,75
ASBCOU,38288,75
ZLPYDTT,38699,75
WLLRFS,45099,75
VLIVDNQ,56822,75
SETRJFXV,59706,75
HSXQ,62932,75
TJSQOAPVD,72399,75
NREQLDRMB,73069,75
ZJBEB,73517,75
OHG,79220,75
PNVTYC,80023,75
YOJWJV,84383,75
VQDVER,87363,75
RTHKSUZQL,94892,75
KWBBXR,1344,76
KWWIKKBRTG,3034,76
CLNITBFM,6320,76
STKH,6351,76
QLGQYR,11301,76
DWLVN,17524,76
QYUI,18615,76
DBXANO,18808,76
UFAL,21166,76
DMFDR,24133,76
XQZMJVS,41020,76
ZGYCTM,45166,76
BSKOYSS,45369,76
GYVWHD,45426,76
JWYXYGEY,46502,76
QEBNMGAH,47444,76
RXWVSPMPKX,58667,76
PQQXQY,65396,76
WFZXU,66039,76
IGUVF,68883,76
ZFMXG,70943,76
EQTW,71880,76
PLERGFVKR,72890,76
XOJZVZWZ,74525,76
UWTFEHRA,81024,76
DFEBOCBZUP,85409,76
JYOT,91020,76
OZDQEIQ,92434,76
VFLTVSAC,92838,76
JNZFTGEHZY,96168,76
ZUMGI,4318,77
LZMM,4636,77
NPVVNHLTPQ,19138,77
GLMJZX,21564,77
XANLVM,22773,77
MZUQ,28177,77
FWXQJDMF,30683,77
KRPGWUUC,31214,77
BPVJ,35783,77
DFHELBEXN,36637,77
HOBDCC,38906,77
HVKXHPBU,46907,77
GHUJO,48681,77
IURP,55918,77
IUORS,58319,77
VGMR,65150,77
NBAOLIQAZ,67153,77
WJMIE,72653,77
RSRJTJLMR,78121,77
IHFYQO,78958,77
HTZ,83490,77
LMTCIJL,84694,77
SZORXTYXF,94260,77
MLF,3657,78
DZLGDMPDOE,7418,78
ZOHNBF,12215,78
PWKHJ,12541,78
KIIQB,14023,78
GSHA,14747,78
JLAGSJX,18492,78
NEULXI,24173,78
OCFRB,25208,78
YAUMYY,42508,78
BTC,42664,78
EUXKOW,47788,78
DMZPGZG,47936,78
GZLV,50701,78
RWXWJSAIFP,54975,78
VZCRVQAZBZ,58239,78
LXTXWH,75093,78
SDAJES,81514,78
RHYGWHUCS,84600,78
PNWLKU,88381,78
ASXOGDWBX,88384,78
GLBWSWJNZX,89462,78
DMBLB,92985,78
UTU,99051,78
VIBXSLPHO,2053,79
XPEBPVRX,5426,79
QCAJLHGA,8157,79
IIV,18401,79
MJFYXVI,18621,79
OKPSPF,25702,79
WSCUUYMT,27418,79
NTTCTXFFV,27563,79
NOCAYMLQT,29673,79
EEF,31098,79
YJIZ,32769,79
FELFVQVM,33323,79
DCXRC,38964,79
BAX,40659,79
RANBSBPP,44462,79
SQJSOGTF,49190,79
YJE,50760,79
NRPTGFQQNC,58186,79
EBWXEPW,60690,79
IVRKWB,61875,79
KVPYDLF,63357,79
IAPZVWNYQX,65804,79
VEMZAIM,67673,79
AFFIHHKHID,75171,79
DIFFKWO,75498,79
XAVX,78154,79
VHBVPSIDV,82537,79
LFMQZQ,83901,79
IMWR,84734,79
IAQKKCJYR,84796,79
FEAX,87303,79
KBVQ,88041,79
BMGTQLO,88709,79
KSJI,95879,79
VNSRVWN,99476,79
FZQREOSLHS,8879,80
JDX,9028,80
HGPQZGCO,10936,80
BKXYM,13611,80
QATZDUCLHI,13612,80
GDFGJ,19897,80
ERLL,28256,80
LJPTXGMAV,31391,80
SUJSBTNZ,31753,80
GJHUBCAN,35247,80
MHGNM,44204,80
THCB,47262,80
TZNSRPK,52197,80
XMDGAWTTQ,59895,80
IMAVCLFHWP,67093,80
HPEH,67867,80
AHB,72946,80
WLKWFRCPQM,87906,80
UXBL,89577,80
KTCUKDG,1232,81
AQEUXVMQI,4498,81
WMKKHG,9440,81
OPQ,12909,81
UUKGGDDZQ,16059,81
GJB,18031,81
YRFRSXVW,22047,81
QKCSV,22385,81
ERMFSVXH,23639,81
DPF,27027,81
LCGMRXBQ,30065,81
NBZ,30610,81
SCVZTGJNVD,35662,81
FJMCPRX,40282,81
RBAKAKB,48155,81
HDZVVG,63119,81
BEZ,63233,81
DZB,65418,81
HEIJPDOLSZ,79541,81
MYLSHYI,88172,81
GZOPPOL,88876,81
ASMQSD,91161,81
GDG,91662,81
PXZXKPS,92447,81
XYFW,93851,81
FGELCUQ,1310,82
OPIUDPZ,15757,82
EAAUDSSVZ,20897,82
PZSFXZUIU,34116,82
HRNBVPAOM,35915,82
UAFIUG,38086,82
BNX,38502,82
ZAVEXHDHQA,44664,82
VGIGIYCYBJ,49710,82
JPFISZ,53810,82
VERPCNNR,59977,82
MOFGJP,67229,82
CRRUZJRQAI,69976,82
HAYQ,70053,82
IDO,70178,82
RGJHRHBYHY,72106,82
GXR,97831,82
ASRF,99830,82
AXIZF,4684,83
CGUZMCCBU,4980,83
POBIVA,12272,83
RVFMPL,20221,83
WRPHQ,23906,83
ASMIYCFDXA,27355,83
VAMXHG,32188,83
XFUV,33762,83
EYEKT,36722,83
VJS,38060,83
LFHW,38184,83
UTLCZQBBDV,40936,83
DCGDMTRVHG,41381,83
JSM,41677,83
IIH,53538,83
FVPUDD,60496,83
YZQXLROAYF,63420,83
WFUKL,66893,83
NSHKAMJHQ,71493,83
OCZSH,73728,83
PMOBRQFMW,74015,83
AKCB,80655,83
CAPYBCN,80897,83
JMSKPEJO,81743,83
VEBHLNBE,84303,83
JQOMXPSVTH,84468,83
QWBBC,91968,83
BLMIZODVUQ,93472,83
ZQEFGDVU,2463,84
HYHCCUYP,13176,84
MUAJ,17154,84
GXGPDRGUP,17767,84
GQAHTSMKWD,17826,84
HQH,19290,84
LUQPOZWSMQ,21818,84
TTEGBZ,23946,84
ZCWQPSHH,28336,84
FUELIP,31146,84
NDOS,33276,84
KNOSQAYIVN,34169,84
APPZ,35043,84
TPSQ,37977,84
MKLWTYGVV,39632,84
IOG,40743,84
MPI,51641,84
BCT,51958,84
XXVGMOU,53250,84
EICBUPCHBN,53721,84
FNUF,55954,84
INZKCUNO,58573,84
NXDTTB,63784,84
DFRNXGUBCI,64700,84
JBLRZKDCM,68898,84
MVJVUS,75508,84
DCEDQI,76778,84
NNPPETG,87195,84
GNPGLDPV,87641,84
BAVWJMBQ,88529,84
PANPZQAG,88611,84
QVL,90568,84
HRSU,96503,84
BQZIDHLONN,96559,84
KKL,99549,84
OWUBB,2600,85
EFFAF,3943,85
ZGJIDVCI,7266,85
RWCGCE,11322,85
PFKMLQVQ,22372,85
IOOZ,23574,85
ZIXHN,31479,85
LWB,40779,85
RANDBHSZD,49576,85
HDYVEUWBHN,52702,85
FZBTZQPI,56756,85
RMHQ,71302,85
LTRPV,73727,85
GSO,78492,85
DUTKY,80840,85
VQMTAMYP,84337,85
LWY,85954,85
PPYG,88049,85
BSAKKJAA,90728,85
UPGR,3909,86
YIHDTTV,4892,86
SGBQD,10697,86
OTMQH,11243,86
HMFHBMLLHY,15491,86
DITQKUX,19118,86
CJAQIEYNX,35097,86
SAMO,36884,86
ALFYHYH,38723,86
LHHGCSLNQ,45521,86
PVZBKRPZC,48256,86
MFFMQIBDQ,51274,86
JEMVPKWHLP,66614,86
IWVCAURG,70421,86
NXZN,76457,86
QVVBS,77862,86
KWOSGH,82056,86
XTDOHDCS,86622,86
PHPASWX,89956,86
UQVJ,94271,86
HSFJL,97941,86
BYLWRFWEB,1410,87
ACWDKV,7001,87
YDDFIZKTS,7479,87
LJORZ,9072,87
XIQNUMIG,14674,87
QGDTCTPFP,22023,87
KZPZQHFN,24174,87
QRYX,24381,87
SFWFFQL,25151,87
TAZLJKAKE,31537,87
KLETUFIAV,34495,87
JENURYJ,44649,87
KURHS,46615,87
NMNZ,48533,87
YSEVDKX,55779,87
LWDKAOQHEL,61393,87
MMORKIX,62436,87
BHBWYRX,64553,87
LEWWGF,74461,87
CDR,77928,87
OJBHB,81099,87
KKL,84418,87
EQS,95206,87
AQBNJOA,97102,87
JPL,4669,88
FTNCQCZIGT,7744,88
OYXHZ,10460,88
RIZWBNOS,17942,88
NHZFPVQ,19504,88
NQPJKVDSIL,20517,88
VBRGDAJBB,23088,88
AMHFCWZT,23937,88
UTCKUU,29188,88
ZEQS,30800,88
TCVC,30999,88
GWDPNSLQK,32428,88
PXQARMBTQN,33009,88
QYVTRNB,35341,88
IEXCWQFY,47271,88
DIPRHB,50091,88
AQWWBR,56833,88
EZZRN,60825,88
NMVMT,65380,88
WUMWAQFGD,70131,88
SSLMQPPU,72053,88
VXBRHQ,73191,88
SDYX,80063,88
XNKGIMXB,80571,88
YJSHKSN,82524,88
IUELPR,90079,88
LVREBUL,90228,88
BIHDTHEHY,1669,89
BAOPIZTGD,3569,89
DTSJDIIGXB,5541,89
HQSDBQE,6319,89
IWAYF,17566,89
GSWIXMZBXW,18849,89
ENKL,20446,89
VILXHTDKI,36459,89
QVUXHMIX,42425,89
NWHO,44146,89
QOLZSWWL,46562,89
TPQSNCPB,59656,89
OTOLZGYJ,63559,89
GQMEVRD,68460,89
DJQFL,68748,89
DLQILM,70806,89
WORM,75860,89
VJAAB,77609,89
JPYZREGNKI,80195,89
MZKYUYDUFE,83567,89
BSEJQ,86497,89
NOS,86694,89
EOITIQKA,93388,89
QMNZQ,93426,89
MSUVVRR,99483,89
HANZKO,1078,90
JMC,1109,90
VNKQILW,5790,90
TDQ,7835,90
JDLRXVFEH,9498,90
GVSVQ,10691,90
ZEQSB,16699,90
ZURVFG,21137,90
RMVIJD,22818,90
QZC,23852,90
YWGVXX,31130,90
GWTDLZ,31249,90
PWAQWAFJGP,36608,90
ZLVFYN,45176,90
ECGXXQ,56160,90
PHJNODII,61233,90
QAE,64902,90
USDGFQEC,65987,90
EYDJIMX,66262,90
LLR,67041,90
YKZZVRXH,77378,90
GZQRVTBV,80775,90
ZVNFLLH,83477,90
YYBWOBXQY,86732,90
JHMEBHEMY,89471,90
FRTPO,91075,90
OQBZAE,14191,91
EGIEADO,17363,91
ASFWTCD,24797,91
GDDXBXOGQB,34888,91
OKBMLXIJLN,38004,91
ZALHOGFF,43624,91
HTZJY,47076,91
QLZHCIUXQ,57543,91
NUIEKBB,60324,91
ORZ,60621,91
DKWPQ,63547,91
QKLACX,75776,91
OTDKMEW,76806,91
UWW,77329,91
FYMGUTCNXS,82327,91
KUY,83618,91
DYFMSF,84633,91
ABDRTX,85701,91
XOHOCRU,88332,91
THA,96014,91
GSRDT,96343,91
ONZMV,97723,91
HROASBPUEY,8038,92
GQVQQ,18618,92
KBGU,18778,92
HXLOXQN,19214,92
NGGF,19228,92
HYUEOAXC,28443,92
YTNSFJIHUJ,28503,92
VBMJSTEZD,33551,92
CFFDLNBS,35701,92
RYIITGGO,36942,92
VKRWUJIRB,37142,92
LMCO,40514,92
WUTFJJP,48846,92
KUTHNT,56490,92
XXWGB,58989,92
DBOA,59670,92
DFVCSAT,60454,92
YBUC,64393,92
WUQJLCX,66318,92
WMDXJ,66374,92
ZSKGSSO,67119,92
KBAEJCHN,67415,92
SMOOSBAM,73546,92
DRJAE,76956,92
LPKPQ,78655,92
KPWEWOMS,83236,92
BRVD,1152,93
FAVU,3284,93
HVDXEDLA,18417,93
ITKR,25689,93
LOSUHM,34793,93
DUIAY,38753,93
BLKYW,38960,93
HHQOOSWYB,47338,93
MYBKU,50222,93
DFQKVGBV,62015,93
UXWFFHOUQ,63662,93
VZG,71514,93
YYSCIQHX,71625,93
OAKUBOCDYE,80492,93
KWQBZ,85203,93
YYNBZ,87073,93
NSMBDEIS,88127,93
CDPLXYXTJG,89700,93
NOMFRUDGGE,89756,93
ENVZQE,89889,93
FQBM,94254,93
JFUCPNYWSU,95594,93
SOYVU,95754,93
WYUPGNFZ,98360,93
YVRGGAF,5465,94
ATXPOIJCTG,10725,94
WHRDWZ,22238,94
QHFFR,22706,94
YJMSNKY,23389,94
YTJCNIC,27589,94
NBFNWW,28522,94
GRDXH,32144,94
SGKV,32150,94
AKLUXFKED,39425,94
XXCINKXRG,40541,94
DXEEJDQCV,44079,94
CWIKVJF,45735,94
AQWYUEJXJD,48629,94
LSFC,49744,94
QSRQIJY,52587,94
ZUVPTGPZHF,66920,94
CGNCXXNH,69001,94
VYKBBYGQ,74092,94
MUIAEKL,75967,94
OUGBZNAEW,83026,94
TFS,84374,94
RJCPK,93925,94
UCNLROXNYF,93994,94
JDU,95824,94
ZGBPXAVAFA,1877,95
MTKDYB,7054,95
ASINDMUST,8894,95
ZBK,10389,95
HFCWYGQJV,14592,95
DZNK,15664,95
ZFE,17096,95
BVUDIGIHU,20451,95
IGLVXCWRHH,25863,95
CEDDC,45096,95
OPKWFS,53403,95
UVVB,55407,95
DKCL,59094,95
XPQGUF,60066,95
CAVDVEVG,67760,95
OCNQXSOH,69732,95
QLDCDGWKAG,80789,95
VXSRJ,81786,95
QZO,84229,95
IBO,84389,95
MGAMYT,90158,95
WRHQ,96632,95
HQDC,10243,96
SEWKC,10260,96
YXDZIHFC,13409,96
ZWRCYTLGOX,14295,96
DYJEBKQ,17801,96
FCYJJC,20501,96
AXEHQTE,22081,96
RPVR,22290,96
JQRMPFO,22393,96
NVQGHVGL,24481,96
TCG,25984,96
PNYKLN,32661,96
KKNIE,38396,96
CORZFJEGAH,47508,96
XKQUFJOS,48070,96
YMHHYJFHD,49201,96
JAQCDAWZO,49646,96
ZIKQNSMVMI,60203,96
RRIGN,67137,96
ZQGG,68574,96
HXZCSA,69714,96
HABDUBST,79817,96
RPKROA,87195,96
WLPXDER,90605,96
VKCRU,90892,96
HLZPYPF,90987,96
JCTFKVATAW,92814,96
CCR,98352,96
WHVDE,5334,97
EWFDIBSMS,11867,97
REGGA,11930,97
QILXP,16131,97
RSWIINU,23019,97
HQYZL,32449,97
MGISQ,33280,97
IVWGKRLDB,37654,97
SJAV,43355,97
XTFLHSEIS,43613,97
ZVXGZRRZKT,52419,97
XUOFYOOXEB,53970,97
EFAEYECUNZ,67522,97
FQXGCWWL,70065,97
PYOOACBBQM,70127,97
OBI,73285,97
HHQQKR,73351,97
ACMROIV,99368,97
QIUCXIBU,99435,97
CMUXWK,1235,98
ECOKW,1873,98
VPNROIW,2954,98
USUZIWMBPG,4901,98
KUYYRGJNW,10882,98
SLBIHE,11747,98
SZXSXUPMH,12416,98
AJD,18713,98
YMNJ,21924,98
HVIA,24585,98
YWR,27270,98
CSFQDCZD,27753,98
IWRZAHS,27990,98
XHM,32410,98
TKBXMULX,36693,98
BLYM,37905,98
JOJNRPY,41876,98
DFOPIKYSS,42604,98
KNOW,52070,98
AJLUAZYHMX,53735,98
BABXCBPNF,57166,98
YCAUIG,58037,98
GYSTT,59112,98
QBRCC,62237,98
ROTXTKRDXI,62762,98
KWQAVXY,66114,98
CNZEYD,66956,98
VZWACSW,68473,98
KWKMOJQIQA,75139,98
NKBLOPWRKN,75590,98
NHMGEZ,76011,98
SND,91528,98
BUXJDQE,92133,98
COOTZ,94760,98
IBIOJBGQ,97283,98
ESAYY,3055,99
BAGLV,3966,99
YJZKUIARJ,9024,99
MCJEBTD,13216,99
MJLD,16415,99
KSHRD,16911,99
LQXJFC,17274,99
GCCAPQ,20583,99
WWKDGKLZJ,21517,99
XQJ,23587,99
YGRDY,23609,99
KHRVOV,29736,99
YGOKVDIIYW,30254,99
PJO,34019,99
UZWZC,35799,99
BWJHDRKZYX,36989,99
CYIG,43374,99
IGWJITB,43413,99
EWWPUZ,43585,99
VVQKRANKXF,48185,99
DDAKPB,54774,99
WHIQTR,58239,99
RVFLS,68515,99
RWCX,69061,99
YQOGVXRWT,76322,99
ZMFWANOI,77340,99
LHRRC,78612,99
BUTTVHTRKI,79044,99
VTRWA,79966,99
GORWWEXN,83105,99
EAAG,83801,99
QGVHRAKZ,86707,99
QCQD,94596,99
EFIJV,95393,99
JPASWAGTK,99881,99
DVY,3118,100
UKZKOBZJID,6481,100
DQRZ,12952,100
YLPETOIK,21840,100
EVXYB,23286,100
CAL,31709,100
DJDTOZPYN,33640,100
VDCT,39388,100
LRNDSAY,41826,100
EAZL,43228,100
YIGONVVCVB,43848,100
LHDARBXVVR,44406,100
LBUVZEN,48047,100
RAOY,52486,100
AFZVKKJV,56158,100
WOS,57952,100
ZSWFAL,63630,100
VOFDN,68024,100
PPJ,69288,100
YCEM,79532,100
IHKOJJA,81990,100
DRADXPSAGV,91753,100
EATGY,95157,100
BIJWGUDSX,1144,101
AHRNNY,1183,101
ISDPKVC,2404,101
BSFK,3021,101
KXESE,8419,101
XPNZP,11012,101
ZIWX,14884,101
TRDG,16888,101
NHRNROR,24130,101
ALEQCHPKA,29995,101
YWAJ,34385,101
SNRFVP,47154,101
UQT,49765,101
IXLWGRKSZ,50685,101
XVNBW,52858,101
TLUIHYUR,61908,101
RMRZZAPXEI,62777,101
BHP,66331,101
LDYCALYTY,70524,101
NPKNHO,77439,101
KBQAHKD,92504,101
WHETRLQOS,93817,101
ARPDBFTV,2608,102
RJJWMTQ,5047,102
LHCNE,13443,102
ZBOSEBCCC,22283,102
OHPR,25283,102
CSEFGGBU,25915,102
HPACTRPLRF,34598,102
GCPCDFSF,35075,102
MUYL,36626,102
FJBZZ,38508,102
FYVFHGQWZJ,39186,102
DRVJZ,39541,102
XOSBJZPFW,41718,102
KRB,46568,102
AUZXJIXOF,46666,102
VLUIKBNGNK,49739,102
KITIOO,58036,102
DJETESWFKF,60289,102
IVD,63598,102
HBQT,69131,102
ZFBHQTFO,76335,102
KMSJPJDARF,79670,102
PYFXPB,97549,102
GNVJHB,99242,102
OWXXYI,6523,103
HQBZWOR,8231,103
ZUAAZPKXD,10679,103
CTXENPF,11291,103
IBOONQA,11876,103
IMI,13147,103
AAN,14181,103
KQT,15676,103
WLUCQ,15737,103
PGNZARJOKP,18363,103
QMTG,26219,103
WKGWWOQ,35748,103
JCJJHX,36013,103
JQIPIF,48113,103
QDTHREQ,51953,103
CSJ,53704,103
FGBMIWTBN,54845,103
ZRRKDPOP,67113,103
WLXXCV,68762,103
WQBTEU,69010,103
PUCS,86083,103
FIODEHSQV,86805,103
UDKVFRUZ,89545,103
OQFDRZ,92250,103
JMBATLJLP,96130,103
YCX,97203,103
CZX,97727,103
CWEXGZWYG,10766,104
IZL,10850,104
NROFKYI,11227,104
GKKKBWLT,22060,104
OCRNUL,22328,104
RMYFIZ,31267,104
FMPGOYRQDB,32969,104
EQEH,35417,104
IFN,40908,104
OOSWXSOF,52939,104
OTGRS,54075,104
RIYRJQ,57565,104
WJLKCOKZJ,58822,104
ILNJYYFCAS,68552,104
JQTT,71406,104
OILB,76821,104
XCDGJC,90575,104
HKJGO,96225,104
NRDYR,98002,104
TJVVZ,1862,105
LAACHIPM,6742,105
UTJRTHVWX,7928,105
IJWH,13956,105
HQILZSNNV,14675,105
JNK,21255,105
TUVUE,25810,105
ODEUZDV,26633,105
GTEUWK,27033,105
QQBAUZNC,28679,105
EWJUNBODZ,29664,105
EHAL,40435,105
RIYRLEMA,45414,105
ZQNPGPQYV,45636,105
KNZ,50244,105
PQNVKY,51242,105
TPYTVDV,60093,105
MGNUA,60514,105
MYXD,61951,105
WERAMSDMVW,68206,105
YJZI,71737,105
EDRDXDONA,73252,105
WEZPQDM,73409,105
SHMKLAHSUD,73952,105
FVZMC,74244,105
FAYYA,77335,105
RGITL,78822,105
UYZCEGS,82141,105
QMMG,84711,105
SKUCRFST,85590,105
XBCNNZLO,86869,105
PGW,88288,105
KSVXQYN,92676,105
OBACKASGE,93783,105
IDV,93858,105
BFVIBQRIPA,3787,106
NYFHHSRO,7364,106
XRLRIY,8037,106
WRDZDRTHE,10666,106
JYRMA,13561,106
GVYNRFEF,21052,106
QDWJCZHF,24036,106
YROQVM,25353,106
SZJQA,26364,106
RJMKZLHC,27722,106
MKXENJEQJ,28222,106
UOHUSF,32508,106
GFTSQJGHQ,33102,106
GSDDT,36737,106
COPYUHND,37971,106
FRODIA,39851,106
JLQEPMZAQM,42339,106
LJN,44167,106
KPZFQ,48004,106
SAANEZWEE,49593,106
GUREV,50485,106
NTZ,50744,106
KZUUW,55525,106
YUVH,56984,106
DDFFVZ,61238,106
PKN,63567,106
LUM,81899,106
NEJOVKEM,82960,106
QZXRPIMP,85026,106
YZDGUPBAES,85935,106
SSXDFVKMIG,86232,106
UHPTJMVQD,90097,106
KVIPCIGDF,90946,106
MARX,91551,106
LBD,92952,106
DCKEWVGBOL,1020,107
LIK,1130,107
VPEDNB,2284,107
BGXD,2749,107
IKI,8541,107
JMC,14816,107
VSKQZLYQ,24687,107
WFG,38454,107
QWGMQ,45307,107
GTSJ,45851,107
STCRRVTB,50120,107
LDRAVKVCMO,53851,107
VORH,60594,107
WSUJJ,69399,107
EJZXMYM,70449,107
BRRV,81662,107
WJWWIOIV,82020,107
ORX,84251,107
PUKBZDRTKS,89839,107
LPRZR,90907,107
OKRGED,93399,107
WNFVW,95299,107
VJA,95414,107
MSVGTIDDS,95555,107
ALWJ,97910,107
VXHFUZNMF,4803,108
BFS,5681,108
FCCFYTAJTK,19175,108
EBLOQ,24531,108
YLJWKQFJ,28484,108
HFUXPE,54740,108
BGWUJ,61535,108
SBKGYDOH,63492,108
NKJR,68156,108
GTCSVCRWE,71342,108
QNAVV,76337,108
KYJR,77272,108
UHXCQO,80583,108
KIAKRXF,85246,108
WBJGJVI,90090,108
VGF,96984,108
TYXEWLE,9669,109
RJHM,23179,109
BUHBESPDVL,31169,109
GYTVOBEP,35540,109
BSXYKMHP,38714,109
BYS,40678,109
ORFTP,44206,109
YBDELVJ,47283,109
CAVFYBRLOI,48215,109
SOEIJQBEP,49292,109
ARFV,55885,109
SOLY,58355,109
CGFEEXWFS,65416,109
FUAIFP,66847,109
HQXQZA,71298,109
TRQDZFE,78413,109
RJI,82330,109
NTH,87378,109
ONUPZCUFGY,88411,109
PCGTOPQGO,94373,109
NNTWJZZVFG,98181,109
PFAZDSR,6875,110
HZL,8688,110
YOVASJB,17721,110
LJWUXUS,22600,110
ACN,28441,110
XRLVBYEACV,29571,110
GXXIYWALJ,31818,110
JCMAPT,34395,110
BWMM,36502,110
GCDTRMCAR,46811,110
PXTH,46922,110
EOU,52671,110
TOQSHOZ,54575,110
FSW,55623,110
DMASBRKB,58441,110
UOKSEDG,58921,110
OCRQPTV,68752,110
JRAB,73706,110
GUIKMEM,82178,110
QKZ,84247,110
OMWHMGTIO,91243,110
FINBQAJ,3973,111
EEKBRZYVGF,6628,111
XJQEJWVLU,18008,111
GKNZCJRSHH,22528,111
CCSQTVOPI,23847,111
KNS,24769,111
JOQJU,25008,111
YUUVQJIL,27686,111
SLZQX,29001,111
QOZGZMLO,29466,111
JRWOVN,30081,111
YKLYJ,32134,111
VNKWUUM,40795,111
RSHYOQOPGD,42755,111
IDXDHA,56987,111
ERKSLTWCDP,57504,111
KKHWOWAQTA,64685,111
XBVMAMRHYJ,65438,111
EKSPJHWV,68186,111
GJRXOHPJD,71475,111
LENXCDH,72806,111
MVEUB,76482,111
SRFBQDKFRI,79124,111
ENFJUYTOP,80351,111
KDQNAP,80862,111
BSJGLWRJLY,1227,112
MMWO,2824,112
NOWD,5756,112
RROJVYA,15386,112
ZJV,50764,112
CBHCHRMJI,55611,112
PPN,66024,112
RLKVZLH,72991,112
JMFKFQD,76290,112
PMFBU,90850,112
ANHQDIIP,96710,112
GINFJSQZ,97241,112
VPFGKOCHSO,97819,112
PGFWY,2691,113
JSE,3101,113
JCHHZDUH,4380,113
ACCZRPZ,9779,113
BGQLMLA,13573,113
SABND,13827,113
ELFWQRX,14673,113
YMLSWEPG,20256,113
LSM,26054,113
JNADHABBC,30970,113
EJYIPXCEE,34226,113
PKJUM,51257,113
EOULM,54601,113
LTLZCHA,56223,113
AKMJADJH,57774,113
XQYEMOG,66189,113
HZBAXWBQS,68738,113
SCVPKC,70155,113
TIA,70791,113
EQRT,75222,113
FNUCVD,76514,113
FUKWLSX,77322,113
JAOJCLWTK,81632,113
MSWZDVQG,85702,113
KUIF,86236,113
TLLLANZ,86245,113
EVSSQVGY,88319,113
YQDV,96452,113
ZLTDHEUUL,97393,113
HILHWRKGUS,8357,114
KVOZNB,12241,114
JAIBDQDK,13185,114
RFNMVVN,19193,114
KHJGZHSAAA,28834,114
JCR,30593,114
KYRIYH,32804,114
DUQT,33096,114
ALBALRYIN,38005,114
IRVFTV,44455,114
CNIGPX,53632,114
CFAFIHN,63545,114
QGVRV,64184,114
FBGV,67769,114
PWKWBRKM,67830,114
TWKBSHT,69166,114
ZBA,70115,114
ZVXVT,71261,114
VAVSE,74758,114
YHVIHQV,76916,114
ITC,84885,114
WFCBU,88371,114
WNWBYGBYU,89725,114
QKHPRVOTS,93643,114
QMXAJQHRUW,99640,114
YFGDEYW,6043,115
DFSSNWO,8004,115
HSYKG,12255,115
UXK,12370,115
EWLVCTFJB,20902,115
FKNRB,21444,115
RAJ,22927,115
WFULWCHYN,28569,115
NJZ,31161,115
DUI,34867,115
JDXKXCKC,36030,115
TVAMOQJ,40241,115
ZKLSLGDIRS,43382,115
VMETTOIJZ,47188,115
WAJKJAYZ,48689,115
EZNHVJAC,54319,115
RHAWNJFJWY,55528,115
RABYOK,61553,115
RESFRNNW,65599,115
DUXGR,67211,115
JQOZVU,74039,115
UBNAZVCHF,79488,115
LYKGKVFTSU,83581,115
UDRVGFHCCM,88634,115
MQUKCD,92597,115
VLHHDXFX,96919,115
HOLJGWDZH,97465,115
BQJKPPLZUZ,98556,115
KWK,5725,116
CNWNEC,10315,116
LWPDGL,11746,116
JTSCXOX,17289,116
BBRE,20220,116
AKD,29813,116
BFFDBIEJQ,30123,116
RZC,32848,116
SUXUTFJYU,32989,116
ZOLJU,34227,116
SKPFHFUGMM,55785,116
XLXFYBC,56444,116
KISMP,57762,116
CIQOTFMT,61235,116
YKRQAZT,61256,116
JVGW,64600,116
TFMH,72992,116
UXPTY,80217,116
ZRIMI,84015,116
DWYYLWOQ,85947,116
DNCXT,88658,116
IGMGZYTBHI,91309,116
ZKKGCQDK,93748,116
ZKAKUSLKE,95308,116
YKXZRGURZ,98354,116
MCFX,8705,117
UAYCE,9125,117
OZJRE,12949,117
EHWJGUFSG,20771,117
YUCZBQKAQH,23876,117
JLYCYUGKSU,24412,117
OVJBWYNQ,31343,117
TLBOKDXXZ,34998,117
EFVFA,36298,117
ZXKDM,36897,117
IIGTEKG,37670,117
KKGXVOTDE,40257,117
JCNTAZNDKZ,41872,117
EGXUVUYB,48514,117
VFHJDPJFUA,49695,117
EEHWUXAOL,54297,117
DLTK,55129,117
DITMDTCTJW,55407,117
HQFCKJR,62279,117
BZJNOBRK,62600,117
QBWJPXN,64291,117
KIGVLIBDO,65226,117
HAEUGR,66352,117
MFBRO,67029,117
RUAM,71568,117
EQZESTRARI,76074,117
HDMAEDDJR,77943,117
VANLJKRPWP,79080,117
JONRVCSHF,86696,117
ZMTBQWUXIQ,2043,118
AQAV,3981,118
JFCTBWR,22116,118
ECHVC,22950,118
GZPCU,27385,118
JBMZJ,27620,118
NMKBCB,30385,118
ULNVTSI,37062,118
ZCIGOA,41517,118
KDEOGQYCTS,48139,118
TNIRDLIAW,50449,118
RBYBW,53539,118
EZTGUPVANV,70597,118
ZTNPZJCDQM,72148,118
WDPEHA,73482,118
VQPVIJMRB,74313,118
QLCKMWCAI,80126,118
JRP,84474,118
IGPT,85184,118
UCIHQZW,85380,118
PJA,87972,118
AUS,98245,118
LPM,99047,118
PQESFGZ,4834,119
XQQ,7323,119
QRTEXLRUEW,8131,119
ERCT,11424,119
TEKINB,12695,119
MQU,14484,119
XIDWCKOCSN,17605,119
HUNR,23233,119
FBECC,27133,119
STKCHNIO,29167,119
UHOORER,31988,119
SWKIOQJIIN,32275,119
WUJ,35613,119
JQKPFU,48325,119
ZXRONGJFN,59800,119
WKTW,62228,119
SGFGXHT,71321,119
SBWUVM,72130,119
HQZTBYJCE,76305,119
KHWWF,90588,119
CZRRBGZS,95902,119
XSHKYSS,97055,119
BRAEHO,98990,119
YGMAZW,99076,119
TRUBWQP,1167,120
SBMAUSTIW,4517,120
WAOWUNBZD,4836,120
TLEGTHICYE,12830,120
FQXBPNA,13117,120
FFW,15663,120
QWYKWANE,22021,120
UJXVDG,25315,120
NGKNNAPL,26846,120
EWGKPWCY,32150,120
HRPNNIWZZ,33550,120
ACXGDAZ,36187,120
JJDWCXER,37685,120
MOQER,40471,120
FHYHFIPRE,40871,120
XARKUZTMFN,43420,120
WMDWR,45744,120
UDIBKJN,51070,120
AADIGK,51805,120
ZZWNNIQCUJ,70923,120
JTMH,71589,120
NLUV,75045,120
NNEVIXC,77220,120
ABIZENKV,78869,120
IBXBOPHK,79292,120
GEVVIKG,83996,120
TRUBPQNOYH,86629,120
ZRNDEYWDGS,93503,120
UEFIPUC,94202,120
ADR,94845,120
EWD,96856,120
ZVVVSTCBTA,96901,120
PQBFZRI,97951,120
PKCVRLLFM,16200,121
EMGS,22257,121
ZLTFTF,25323,121
UMHWFAULJB,28931,121
POBWT,30525,121
GGEEXF,35465,121
LYZLYMAH,41163,121
VYATOKXABM,44406,121
QSST,44638,121
HWIOOZDBX,46208,121
IHRIMCYJH,47933,121
IJCOH,50425,121
DRHOTJ,50951,121
FJWGTVZCOD,57700,121
FXAGFLE,63008,121
VJCAF,65736,121
YAGECTB,67764,121
OIOKROHSL,68745,121
CLOHEUU,77818,121
YTKSAXZJ,79330,121
EPIMPQP,82339,121
VXIHA,83841,121
OEFRSGNXUW,87223,121
ENICMVWLF,87840,121
IRQDLKA,89283,121
XMHMMVHV,10861,122
BZI,12748,122
TJEZGJN,13223,122
RTJEBY,13461,122
MEUTMGQ,14874,122
VGOB,24730,122
BATMEMBCXO,38165,122
OZCVSJ,38281,122
NLDBAPS,45945,122
HVXHGKC,46124,122
MPCAHWDI,47072,122
GXZYKC,55211,122
LBVDOXKT,61448,122
BBPXCFO,80082,122
AAFX,82546,122
HRQIQXSOI,87789,122
OUYUGZDTQ,87842,122
CFOKS,88341,122
GZLJIVG,92485,122
KLXMONPKYM,94942,122
XAUVOG,2216,123
JPTBBA,8070,123
ITMLNIFMAQ,9755,123
TCKHFEP,19194,123
NZJ,26465,123
HXHRI,29093,123
SNK,29903,123
JXXTGGAURD,30382,123
RHYB,36481,123
RFGRLCDNJX,46840,123
NAKSLWOYLC,47861,123
KOWAHCQC,52555,123
OXYGAE,55882,123
VDA,59180,123
FVHRCK,59752,123
YQGPTD,60859,123
IWFE,68765,123
OHAPQM,70774,123
EJBICZ,72783,123
QQH,78997,123
MYZKTP,87883,123
ZHOVFP,89289,123
DVU,91365,123
TYBEZKNRF,11976,124
HAVQFQFYU,18626,124
ZLHLDPS,18653,124
EFAZYJI,19175,124
MKRCVOJZ,24346,124
YIN,27280,124
TYNQLXWRLE,33014,124
YHBBBJW,39514,124
EYQMOZBK,39920,124
HWXWBRO,40456,124
UAXQFADUWY,48634,124
WCGCEN,52558,124
KTCBVT,52624,124
HJCQ,64227,124
UZHFSRM,65432,124
GIFCJF,81041,124
MPJ,82755,124
TUBZOESW,83879,124
OIVUA,84092,124
ZUCSKTOYG,91381,124
HXYKN,94335,124
LOSHHQFLL,98624,124
NQPJTIGK,2977,125
MTE,14202,125
LMWYT,16192,125
HDQNXWQTOV,21601,125
VMLZFBJNQ,22197,125
FJLDQHFAT,23322,125
VIWXWYLL,27464,125
UWBZMRRHS,46738,125
AVBFDFTW,51468,125
THAETHVJCS,53904,125
OYOAHDMGE,54978,125
KQIAVPMEVM,58259,125
YQNMK,58582,125
IUQ,70019,125
BITYA,72888,125
GCMAVNHIAP,74775,125
UIKHMKLSEV,89740,125
UVO,96866,125
AFUWPQRNV,99456,125
KNKMALDRRY,8050,126
OYV,17902,126
ESGQ,17981,126
KHV,21389,126
GWCIKEOGJJ,22868,126
JMTHGSW,25201,126
TZRSQBT,25216,126
IUDICOLUD,28508,126
QOOBQ,29169,126
VAJYPSCUPE,30310,126
CKTBWVP,50822,126
ZVUXML,62920,126
TUSD,68848,126
WLHYA,72873,126
IBJXRUHX,75341,126
SOEWOHEV,79355,126
EPUAOQGG,82696,126
VJLJV,84470,126
FFYONER,2050,127
LXUZSVG,2708,127
EHLEHUNN,10237,127
SSCJUFV,13580,127
FOUJZD,14156,127
ZXD,33590,127
UNVWXC,48094,127
MBJXKS,49641,127
XBZKVUDENG,50870,127
USW,52508,127
ZXU,59309,127
NRWV,61491,127
RYKDWTAOP,64432,127
AIWNMR,65589,127
XMTZB,66944,127
CCWMKO,68467,127
OPQEEA,70717,127
QKKOKJXU,72474,127
DZQFDEO,73924,127
SPYTLCUC,74116,127
OBYEJA,79104,127
PZTS,82572,127
OGH,83755,127
VYDOJTAFF,89712,127
QRKNDPJI,95762,127
JXRONUFA,96329,127
SMZJKWV,98696,127
KVOMHL,3025,128
EIAYUQIOI,6950,128
RBPYXUCAK,8188,128
OTOZK,11356,128
ITFKEUWGIZ,14574,128
ZRDYR,16247,128
HBUENJGNI,17256,128
GFDCC,18103,128
HGVSSQRNHJ,18149,128
GCBQIBWP,25951,128
YMEF,26379,128
NCJNISKJ,35080,128
DXFUOVBW,38473,128
EYZ,39036,128
SVPUGRX,42732,128
NFSWEATTWJ,49263,128
QLBE,51308,128
GHRYOTJRQS,56302,128
URC,56899,128
QEYBSRKHMH,75319,128
JEOPSCF,75993,128
CFHSHFYF,84970,128
ZRETADYWUV,87383,128
CAXMA,89438,128
TRUWHSKR,93630,128
DBHOKYNFH,96663,128
GBJGGOLQJ,3847,129
VNKCIFGIX,10006,129
VPRESR,12315,129
FHWUVRIXLI,15023,129
KFWKJ,25563,129
FAAQANN,32764,129
MLHDV,36638,129
MDFEWIRVQ,37057,129
XCSAOH,38141,129
JXXA,38422,129
PSWKXOZP,39897,129
KNPHTQ,42479,129
VLFFU,44518,129
LAAWEGSO,65799,129
PAXLCQO,65940,129
PRESIZUYU,67977,129
HUWL,68872,129
RRDDCPQ,70723,129
MDLSAZHJ,82772,129
MFYRD,83011,129
VLLKWSXEV,97537,129
NFMAVU,3755,130
SRVNKA,25523,130
DYRGECFX,29441,130
ALFSJ,34750,130
BYQ,37323,130
ACAVPLIATM,45756,130
GECQBG,47293,130
EWFEEKIKDN,47328,130
NMIB,50668,130
ANJYXSODCZ,51058,130
HMUIYLXCB,60820,130
XZEWWKGX,62643,130
CDMP,63473,130
JMDXU,70216,130
HVDK,70651,130
FMMBXTDJQ,72068,130
ZPIHRW,72594,130
ELHGIVDDE,74607,130
MWD,78215,130
GMYMNX,84811,130
NOM,85065,130
BNNLVS,86932,130
OVNZSDVJY,90676,130
FFCMNYGOFL,97649,130
HGCD,5763,131
PQLZJEG,7803,131
YQSJIVYNK,8006,131
CIBWJITKE,9527,131
KQWPQLSGYE,10497,131
KLVDZOTMPJ,10763,131
FWMLSA,16228,131
JHAGFVET,16276,131
QYLK,19204,131
OFYFOV,20024,131
LIGXAJGZ,22046,131
AFTPSGY,22278,131
QXLR,23295,131
DKNXV,24168,131
HTQYFGXVC,28220,131
HNPHQLQ,34605,131
AATEDC,38773,131
KPMTN,49009,131
XGMEM,53983,131
SLPRT,55231,131
PPFSLKZ,60952,131
TEMKLSO,73833,131
TPMFQM,80770,131
MHDW,81332,131
CRPWHWW,85468,131
HDDVCRNDU,85912,131
QFZIJJM,89255,131
VAEP,90538,131
HTF,93561,131
WCSYJVPH,98363,131
YFRALF,99950,131
OYY,5751,132
TEDFK,6160,132
YJUE,6483,132
GCVBPGHL,8293,132
ASFFO,24926,132
JQJ,26165,132
PKKWQGMXG,30335,132
UZFURG,33761,132
CYDP,35440,132
ZHJ,36384,132
TYWH,39316,132
KAZVIQQUY,39350,132
GYJCQK,39728,132
AEZVTT,40537,132
UJYOAGBZOG,41755,132
KZZRB,45794,132
LYYJQIH,46952,132
IRQKI,63821,132
MRDKLX,70705,132
USQ,70746,132
WWTRKKZ,71518,132
IQEBT,71870,132
AKCNVGEQ,80206,132
CAEQRUJSF,88912,132
IZYB,89663,132
TUQTO,95080,132
EAENCI,4856,133
CFOAJVRJTY,13245,133
XROBMB,16120,133
APSTYFY,16755,133
ETNITPY,22749,133
WNBTS,28626,133
GQBAEY,31201,133
FRCPLNN,31443,133
VXBMSJTJ,32617,133
OPXVWJFT,39583,133
TZBLDTHU,41962,133
NTX,47974,133
DUJGB,47983,133
DOXTZJCM,48330,133
XXOCFBNILD,53337,133
CSIT,53659,133
URCP,55341,133
LKOXWHPPTS,61321,133
NEHNLSONDM,69010,133
VRSHY,69848,133
BUKHKNZOED,81105,133
CXDFRD,82767,133
FLNP,87328,133
TNSNOY,88874,133
PBDR,92304,133
GPWXPWX,94973,133
OZN,1752,134
EUQDMASPZL,8446,134
GNP,11170,134
ZKNEZ,12185,134
ICGIQDALFD,28300,134
CGPPBASOJI,29328,134
MTOHGTELY,33193,134
HHBEKM,40835,134
AMJ,41184,134
BLNYTTT,42762,134
ULBJMPW,43739,134
AMXHYXYVXX,43991,134
IEEHDAV,46086,134
YNBSLBCC,47271,134
EHANBOAT,48758,134
RURXVGPYGT,61034,134
EMRCCG,63221,134
ONYOZZC,78491,134
WYCG,81222,134
CHOLOBAYME,82491,134
BRS,87050,134
AZU,89044,134
EHPDSGCKYK,89756,134
EKCHNDU,93906,134
DNLJN,3527,135
EACAN,7345,135
JYCPKC,7755,135
JGDLI,8768,135
WGSK,9247,135
LIQKWIV,11153,135
XXTNJ,15405,135
UPUPYKGELV,23791,135
IXVUBZGE,25126,135
AHJYMRV,32930,135
YLVPZF,35020,135
UOIFNHUIP,38277,135
FOLJCJNNKX,55478,135
NDLIIEO,56317,135
BPQUJXNTIG,61559,135
ZCUCJHNG,66266,135
KAVHARP,67026,135
WHNC,67999,135
FWC,82663,135
XLYIC,87482,135
UVVXSXX,90777,135
NBIAPIGSP,93575,135
CBPR,96926,135
HUD,3246,136
AFO,6086,136
TGE,6513,136
FIRIVJWV,9279,136
YDUFX,11026,136
GGGNFE,12799,136
SPDXU,16100,136
RKQCFTRE,16157,136
MWJ,16731,136
XZFJWVSVUJ,17255,136
FACRT,20780,136
QVYGXFM,23723,136
ZVBIHW,25316,136
SSMJK,29568,136
BAZV,35380,136
KYWU,37583,136
UBGQJZJ,38043,136
ZVGOUGEI,38683,136
UAHGN,49240,136
KTSV,55982,136
LKDBKPHAIE,72785,136
FYGJERJOWU,74386,136
XPCC,75231,136
JDL,80518,136
LTVUTFR,82631,136
WMZP,84549,136
WHPBU,89411,136
QBLCHKBEQ,9183,137
CZHDFDHR,20203,137
IUOIQIVUJ,23755,137
INMNFF,24337,137
ZHEKRZTZAX,24953,137
DSBMV,27313,137
UMFB,28401,137
YRTLHIHDUJ,43954,137
OMROQWE,45671,137
IXB,46994,137
GKU,52518,137
QWHNJDSCKU,54975,137
BNKDCSQLID,55675,137
NTPMGVVYJ,58139,137
OBHWQNT,58237,137
BAVR,58652,137
PTPWKCH,59732,137
WWGRC,60659,137
AWUYAYFPY,65363,137
NVNEYFTFO,77089,137
JQYZAB,80096,137
IDCJHEUQLA,86582,137
XNMTTDG,94897,137
KDZLOI,98181,137
POMFTKEPOA,98400,137
CJBERBCR,2703,138
OAUJSXMYSG,6133,138
UGODI,6939,138
DFOQBHSYU,7925,138
SWAQBKJXH,9139,138
UHH,10184,138
TTFNQFS,17122,138
UWGO,19771,138
LXMUCDUAT,34192,138
QPCYKGDCRT,40656,138
CHPV,51821,138
RAFDL,53934,138
GTKXUGC,55381,138
FCNSE,56007,138
YQNWTCVZL,64118,138
DIA,75200,138
CQLFV,75621,138
YQKJDYVY,75970,138
ZNCNVBRW,84903,138
WRHIGORH,91564,138
XODQ,92924,138
ZORGEIFT,5348,139
WML,12226,139
KLNW,15233,139
OMEFN,24521,139
RWAEFPWL,26785,139
SONXS,40323,139
EJMAPM,48324,139
CTM,54685,139
IDAMFTVMY,54736,139
OEXWBTTR,60505,139
UQRPEZQ,62083,139
TXQLJLOCUF,63077,139
GSZDGXQAO,65314,139
QNGRNZDOZE,65546,139
ISABJAIJAX,67769,139
WEQYFXQQ,68137,139
IDBIXG,68398,139
WPXZYRBJG,70100,139
ELLRBEN,81438,139
IDAFTRNGM,89140,139
QNETFV,94890,139
WHW,95525,139
PFCTXV,96422,139
HSHCY,96987,139
AWKGHTDUK,4695,140
PCBZ,5011,140
DDUEJ,7267,140
BRXHOXQCH,21322,140
LFKFMA,22492,140
RQSYPCHK,23038,140
MNIHUBDMP,23634,140
PVIZJQ,29718,140
LTPA,31309,140
GIWZI,33036,140
QTH,34766,140
DDX,35223,140
MIEYEAK,37459,140
FXJQL,37997,140
GBFAVB,41586,140
WCJTHVJBWW,42744,140
UCVYDNWVP,47570,140
LXSQMM,50455,140
LZGAUQHURR,50701,140
GEDPI,53366,140
TBZ,54468,140
XEW,55863,140
LEPDSIH,57545,140
IDESTZBZ,59461,140
LWQ,65315,140
JQHOUIHY,71070,140
EIB,72149,140
QJMXTBJO,72304,140
CQREFXCK,74289,140
WEGD,77024,140
SLMFLL,77282,140
ZZBHUQORVW,78882,140
EEVUX,80518,140
EUACGDT,81039,140
DJNFRFQMYM,81294,140
NCXKLGSUY,81349,140
UBEQCAUEPG,92357,140
QISGXBI,92359,140
TWZCAYFYI,95577,140
CBNIJG,95967,140
FLEJ,16661,141
OYSMND,18998,141
CLO,20202,141
VPMDUZDZNN,20426,141
HRBEQR,22397,141
MRSYVQD,23731,141
DFLFURNT,27276,141
XWXVFQ,34335,141
ROTOELZ,35690,141
SUN,45816,141
AUJFVTFN,45873,141
QXUSYKRX,49144,141
HAESBEGFT,50435,141
CZP,53764,141
BUJGLVU,57345,141
RVV,60965,141
VBW,66906,141
JAQY,75335,141
HDQLFJKQZ,76395,141
WLKRQHLY,90949,141
PEFRYWCYRC,93833,141
KVRMYTBOPW,95263,141
NHTZYAJDFK,95763,141
FOGL,95890,141
BBKNX,98751,141
WOQZURULW,5302,142
HXMINV,12067,142
TFMKKUCA,14695,142
AQCVLNMB,17065,142
ULA,17869,142
BHD,22377,142
UVSAXNZ,28370,142
BFTDT,34316,142
WWHUKJXD,35668,142
IRTYHBNP,42803,142
GQTODPO,42871,142
BYVHWE,44294,142
ODBVARLP,52845,142
KIZTOEJ,60374,142
ALQHBABPZ,62515,142
QPJTQ,71743,142
WAMMRHWHS,71981,142
LUUBFI,73925,142
IGYEVTHS,80967,142
UHLVJNPN,82773,142
ABWLQMM,83263,142
CSOBMNOTSK,89278,142
LCH,91819,142
HOYKJRYS,98160,142
MMWBZEDP,3906,143
KLAC,4667,143
XCJFMS,14408,143
UDMTJHH,21504,143
XXR,22200,143
GULT,22726,143
JDSD,24805,143
AJXOUBSQR,31464,143
EBKNWFNAPU,32063,143
ORLZLALFYF,32651,143
AIZLBYMUFN,41092,143
VFJFMEDNU,45016,143
QBFAK,49621,143
ICXLR,53686,143
JRUHUDTZZ,57254,143
ZLABSDFCH,59008,143
UEAN,73430,143
ZIRTVBVD,74567,143
TYJVONU,77344,143
TWGBXGAD,82732,143
ZXNV,82912,143
FTB,82977,143
NYYTY,92546,143
NIRLQCJF,96818,143
FDSEVK,1453,144
KGGC,1652,144
PTPEDW,2391,144
OBAQUEK,5544,144
VMEBIHNWI,6015,144
AVM,7691,144
QMBWBUWKYB,9752,144
KXEDQ,12394,144
IHKNEEWJ,20563,144
RCNBDSZT,22487,144
QOZYVNM,40073,144
HRTKG,46367,144
ONST,48971,144
KHQM,49252,144
YROWGT,50682,144
HCCHOMMKDT,53594,144
SUZD,56201,144
QSTAIF,60988,144
VSGSCV,61013,144
TWEIXLVXU,61805,144
PHK,61840,144
DZOLRF,64485,144
AQVXEH,69906,144
JDGDOSAO,70258,144
CMPX,72031,144
HWI,74988,144
LDETTRUU,75904,144
UEEVDDXG,78953,144
FRTGQ,81850,144
UJVSEQXQI,84789,144
YWVJ,88712,144
ATIGEDLB,94799,144
OOQWXQTIL,97531,144
JWQVXQKW,3183,145
GOOSTUT,10799,145
NOBAE,11182,145
WDURH,11670,145
ZWHJARY,19569,145
ZHRZ,20391,145
ZGDQAT,20402,145
GQBVHQVHAT,21085,145
IQSWONJNW,22291,145
PTEREG,22592,145
GRRMPG,42338,145
STAWNGNCAZ,43658,145
FQQBNJTJSH,46192,145
DULV,46922,145
YNKDJF,47671,145
CLAHYT,47704,145
RHZVSC,57977,145
IASNPF,58043,145
AOFNRCPS,60566,145
OTURZWTUYT,63608,145
XHVBCLL,65100,145
ZRDFFBCVDY,67972,145
AJMK,71407,145
BFU,73860,145
VKZSGNL,74029,145
TFMKZ,74586,145
GYNUTHZKBG,74988,145
MSXRRJOAC,78205,145
LMQP,79517,145
PTS,82491,145
AFWNRRLW,93803,145
KHFJFF,98043,145
XZYXTY,1658,146
VUZXCEBC,2255,146
HTNPR,5473,146
TPYSBQEX,8108,146
ELEUT,12924,146
BHIX,14577,146
IHNULTMTT,14847,146
NZR,28247,146
RIME,28301,146
ZHY,29960,146
UGWBSKNH,41259,146
QLIANQZR,53343,146
RSQAJSKCE,61765,146
NSEGYNZFK,63712,146
NYNOWCRWF,64017,146
FGRPQWMB,66974,146
OJDXRT,67125,146
MLWQRVSGLN,78422,146
VPWZ,80697,146
SZPAO,81092,146
MBHOJWDBI,83723,146
PTHBMKPY,86429,146
TDRQWG,87797,146
GOVDDNQMB,89215,146
HXTUB,91169,146
AFDAEVYKQ,93555,146
VOIPGS,93561,146
BRMHI,99152,146
QWV,1627,147
KWYPI,2014,147
EYTTAIZNBY,2228,147
JBSIB,7663,147
MXUXDUKOHP,11930,147
TLH,18359,147
ICSIIYT,20924,147
SQHWNF,25194,147
PMKYXCBBCD,29118,147
KQBH,40936,147
KVCROS,52774,147
MPLT,53274,147
FXAFQB,54368,147
NEGAZFDJ,54990,147
PUQ,55733,147
DFMROT,58270,147
NNOP,61923,147
FWVXYQME,63752,147
AML,70056,147
EXILD,72165,147
EWHCRYGSVK,73462,147
SGQZCLLBX,75251,147
SNYIFLP,76771,147
KUOKKVE,78497,147
TZRXEM,83656,147
ZIEZGZTQ,85144,147
NTYNYY,99537,147
HEA,8793,148
ZKMAXVK,13079,148
YIGF,14008,148
HTDDNGZJ,17303,148
SXDOODTJD,20261,148
QDQYNEN,21166,148
VWMIV,22382,148
NJKAWYWXR,22652,148
FVYFYK,23153,148
IBGWRYDL,24457,148
UIDICR,29946,148
ITKLKWY,42277,148
KNR,44082,148
GFPKQCLL,50066,148
IHPLCLCVTD,52515,148
EJRF,54489,148
ZMWIBI,54668,148
HQEIQTKDO,57956,148
IZHPIR,63603,148
QATOSWO,63876,148
JWFKV,67039,148
ZMFNENUGXY,71634,148
NIHALENH,72390,148
ASLUJQI,73226,148
UCWDPAX,75511,148
IQVZXHQRF,87871,148
RPNNMIWXG,90416,148
ORSXXADNO,95085,148
LEY,95919,148
KLLK,97476,148
OPYGCNUDF,97607,148
BSJ,3941,149
DJRLDNFCEO,4393,149
QVQUXK,4918,149
YKPLLDI,13928,149
ULCO,15006,149
FOOX,16531,149
QRGSBRDMY,26300,149
YMBHGLWB,26427,149
USUXPGZMEZ,30289,149
FQOBRKP,39683,149
ZHGAEBAOZ,46200,149
TXVUJTCWN,50654,149
DFA,61445,149
NTD,69407,149
TQLJLMQ,72778,149
QWWZUK,73576,149
WUYAMB,74160,149
QOY,76334,149
VBVCRZLVCA,78883,149
CXSZRIXUAO,81154,149
TVWYVTQ,81429,149
IFZEZW,83017,149
GWX,83069,149
XNTJAFCDM,96769,149
ZQMWRMVEIC,97784,149
EFFWUFPIQ,99208,149
HNZ,99402,149
QIS,6135,150
VPASZR,15499,150
ARLF,20858,150
NEKEOV,25716,150
ZRJ,32136,150
YMPHML,32289,150
ALDPLZH,35907,150
JLWAQXPS,36027,150
QSM,39096,150
BXVBBA,42798,150
FZHXDYD,50656,150
GCSPBR,51815,150
ILNNQ,51880,150
CCDR,55314,150
CCF,59806,150
QIKO,67184,150
QMOBULSQRW,67403,150
DOSXGOQ,72199,150
DKEH,73849,150
SXPUE,76483,150
AZO,77293,150
FUFZPOS,80924,150
TDKS,85447,150
GBWTUDBL,90265,150
YEOVWG,95993,150
WRTJN,97336,150
GORVF,97532,150
RJZDMKEFG,99321,150
VZMNGAIX,4316,151
APTM,12137,151
FLBVL,12427,151
SMFWOA,18480,151
UNWWQGGM,18895,151
RZWCLWVND,20686,151
PXBRUHFZ,37562,151
ETQVHSECQ,39284,151
XYXPT,42145,151
AMCCKVTYG,45344,151
PTBVSZPWC,48329,151
CGBWVQRBET,49626,151
KXYG,53686,151
XOZRKWLKZY,58293,151
VUSEPIRDK,60756,151
PBKYTB,69448,151
YDFOQVLXZ,81559,151
KGCEIMOGZ,82779,151
TTEFSSV,91821,151
FOBJM,95236,151
SOG,96908,151
KCVHQI,99357,151
SINQCVDA,99534,151
GDWXTV,5232,152
PUHAXI,8374,152
PKMNZN,12303,152
BUKE,14302,152
OHZCJYLD,15228,152
VBH,26936,152
XTEY,29692,152
SYQAGNXYEF,32314,152
TXFBRWM,34228,152
NLPGKP,34605,152
TLM,36020,152
FFTPH,37004,152
GCHS,38197,152
BHCCBDIEG,46625,152
XIMMNM,48247,152
QZPKDMUVE,54196,152
ASUSFG,64769,152
YDN,66870,152
XRO,77649,152
YYPYAJNJVW,82233,152
ZSHOXP,93708,152
IUHCMVS,93760,152
KYPSZ,98097,152
QFXN,2651,153
FHP,3332,153
UVVN,6338,153
XGOWEGB,7482,153
QQW,11873,153
FNDDKJ,22562,153
HWXXZBTFQA,26959,153
AURURBUYB,38130,153
JFQ,41499,153
OHYNZQ,44343,153
RWGCRW,45441,153
WVLDI,50092,153
DLIOPC,54470,153
ZXJIIXICW,56918,153
BIELQHTMNO,59164,153
YSSCRV,59496,153
FTRKKVSGMD,60692,153
CPYPAWZ,64264,153
KMPTIUNMNG,65041,153
JHOQU,65737,153
VZFTRQO,72618,153
TKOYRX,83560,153
OYAA,99007,153
CENRMEWOD,3705,154
LODKEUKDP,6161,154
HAM,7250,154
ZDYWWBLIYC,15316,154
FBQ,18638,154
CRQD,18921,154
JLWBHPA,19315,154
SMLX,20467,154
JGUQNNOR,33423,154
NZPZBL,38595,154
FKQCCH,42016,154
HGHPAQV,45879,154
NBJGXCB,48593,154
XRUYFG,48843,154
WXPSEAGU,49444,154
UQOV,51470,154
RLYNQAQKKJ,51647,154
RYPBOPXKG,51914,154
MRXWAUDQR,52650,154
JAUAYWBIY,54325,154
ZJKIA,56044,154
STET,57981,154
VKNPZDQ,63377,154
KXDFVQPPUQ,67131,154
MPSAHTKN,80751,154
OPBGKUPRCJ,90724,154
RDDPJXCXZ,93095,154
LFOJM,94848,154
MKQZ,94993,154
QGD,96896,154
WWHNBHS,2999,155
ULYGHLBCC,4690,155
DYBQ,4902,155
JKEVNQCG,7605,155
QPRW,7918,155
ZQTJKWFQBA,13574,155
GUIN,31806,155
INVAJHOIJF,39416,155
YSFG,40982,155
GXX,53985,155
AZHHXBSDU,54737,155
GADUKC,57665,155
OXTURCF,60415,155
WFWEQRKX,61799,155
DTVKINFW,77450,155
WEVSYF,77516,155
SVM,81035,155
IFLBGEOGYE,89885,155
OZFEKHBTX,93222,155
QYCCFVPYW,99076,155
SZIJ,1227,156
WVSPB,9333,156
QAVJT,10116,156
REB,12788,156
WGGPTBMAEJ,13241,156
MZTITFYZZ,14575,156
GTSQPGXAEC,15281,156
VBG,17473,156
YJJIZS,19664,156
CTUKWMEB,24065,156
YAAG,33315,156
RLGIMEGIHZ,37648,156
SZKHTRIYA,38437,156
YOSOX,40061,156
OKOIGGQ,46939,156
XYHFJTXP,54837,156
WHRQO,59093,156
TLYPDPJWYB,64553,156
YSFAZHO,66146,156
EHWNORAC,76146,156
JVNO,78842,156
TARA,79873,156
DWLQKXNH,79915,156
XIJIUSD,83893,156
XSVTHUQD,93532,156
BJLLLHSH,97779,156
QQYEAKDW,98453,156
SNKLFKFVG,3711,157
TQJEOHR,5306,157
KLMUK,7920,157
OJJWJT,12349,157
VGELXUU,12637,157
IKZI,17894,157
IMU,21319,157
LCCQZMM,32257,157
NNRPWET,34269,157
IGJJ,37270,157
DHL,37817,157
CZMFZ,38810,157
ZOUVUPRO,40938,157
KNO,44001,157
ZOQT,50280,157
YBISG,52834,157
PJRSXXBW,59100,157
DOFZVKB,63033,157
YEYGJDCE,66613,157
FRQGF,70351,157
JMRWG,70619,157
ZKBCHI,72358,157
XMLRDBYN,72801,157
NAPFHA,86804,157
QRYMUMD,86907,157
BFQOFNN,87437,157
TVRPYYCWDT,93576,157
EYZTKTX,99340,157
DDCXXKQQF,7083,158
CSKRGXRQPP,7679,158
FLE,9220,158
ZRIZTYC,13494,158
THRMPUUE,17514,158
JHGKEZTSBZ,18576,158
VPRTHAH,31986,158
KVRDU,32068,158
DTZNGHRKJ,58838,158
JMA,67495,158
ULOZH,69509,158
HCWQLT,71531,158
WRXXXGOFFZ,72210,158
UGKIMCA,73443,158
FQGUW,76737,158
HZOXU,81915,158
NEFQNGV,86760,158
SZY,87047,158
ABXRHRQYH,89328,158
VUIASGPKY,94415,158
KYHPKFX,98781,158
KQRNPHZ,6991,159
KWCWN,7598,159
NLEGRM,9635,159
PITTHTO,13250,159
QVWD,14384,159
QVU,14779,159
UPOQMI,15459,159
RZJVP,17469,159
ILGWGGV,17901,159
ESQQZQO,23379,159
KBLN,47806,159
JZUSLQ,54801,159
IZCUBMOZ,60140,159
WRKDYLUX,60658,159
PWCZISI,61266,159
DLFHJDV,63944,159
KZOFDZUB,69775,159
IQTZBFSPF,70777,159
BGTYWYM,73345,159
PZLKML,74900,159
GXTKSNOJP,79410,159
WKQWJJWZRT,81373,159
AVNCDRH,82762,159
DRDMBPHOV,83632,159
SSNDL,84007,159
AZIUP,85248,159
XWVVX,88002,159
FEY,90234,159
NGILTJE,90371,159
UED,90656,159
WRZUPL,93705,159
IMIBHA,5209,160
NOTPW,9933,160
TORYBGA,10778,160
RJIUPCLJ,14226,160
TBLIAWCOKK,16659,160
OWAWPB,21518,160
YTXLJAR,23389,160
NIYGRDWL,28601,160
YIPQBM,40770,160
IGCZYO,50277,160
UDBC,56265,160
NWSTYNKJN,60353,160
FWSLVLHUJ,73824,160
LNOX,76937,160
MDQWHCF,83801,160
NTT,88871,160
YEQJ,97374,160
NFFT,99557,160
BKLEEX,5995,161
ZIZIBHM,11790,161
IAIM,12149,161
EOIIQDPCH,17938,161
DALHYYGE,25632,161
AHCVLQAED,25825,161
OCLEGQEJ,30746,161
EGOKV,33153,161
QJZ,41587,161
UKXWQSOT,46603,161
HNR,51021,161
DWXOAANFIM,57535,161
VPCDK,71818,161
RXEB,73329,161
DTMH,75018,161
KQWHMXOYOT,75408,161
CWNYIO,81662,161
UGB,86681,161
PNQPFUPO,87523,161
WOKIGQGI,88021,161
XMKYWM,90035,161
WVZIGGYFMA,93902,161
FITAPTA,99208,161
UOUOHU,2803,162
HBLNJULN,2809,162
HYTHUSYBHJ,3329,162
PAP,6964,162
POJJXZ,9017,162
DGEMTUDGXF,10933,162
HRFSNV,12956,162
OBPSIV,15771,162
AGPLO,16252,162
MWGQPK,19480,162
PFUQHFAAG,30063,162
SJXVVV,31040,162
NGELXEU,37992,162
MRQPR,44826,162
GDCDYWG,45050,162
FWXIYQQENH,47127,162
MRDQZVM,55774,162
KQTYRO,57529,162
ALT,61984,162
TKKOIHN,65688,162
BRURHXRMBK,66075,162
TUIFJEF,71260,162
PZDGI,74323,162
YSOHS,79960,162
DDNZTDDER,82054,162
OSJK,85889,162
FOG,90113,162
GZUFEFD,91492,162
UTCI,92336,162
XJKGPM,95700,162
IFYOGGBU,96768,162
YBFINAPFD,99362,162
MRXGHYF,1796,163
JXPXSAUXKZ,2124,163
JXTJVR,10643,163
CGC,19448,163
ZJC,19592,163
BNKNV,22244,163
BSKLKLLMN,25158,163
HUKZKW,26582,163
FFZBMN,27467,163
CUEEYBQOX,32050,163
GVONHCUYHO,34270,163
PTZ,40906,163
IFCMR,55749,163
LOYRXGWJMA,66574,163
UTPNXSP,75534,163
JHMKDAG,83018,163
RQDQKCTJ,88864,163
RZNHW,98994,163
JCSWWUPL,4626,164
ACHJ,16667,164
VSWPNRY,17208,164
YVQUOGLI,20617,164
TDXOSBLEFJ,31478,164
FJWS,35317,164
DEAM,38722,164
EICEHFIGX,39483,164
FWBJBCVT,53059,164
TZMUPNLUPH,54590,164
BMTBSNVJSH,54767,164
WIT,55196,164
YTJ,57774,164
YMJANE,63007,164
KLKS,63197,164
UIIFKTZ,65759,164
RSTZ,65897,164
NNQR,66448,164
HIOY,68229,164
VUHUHN,68433,164
KDYO,72213,164
NMHK,72459,164
VFHIXEKRWM,72742,164
MVAWX,73050,164
CRNEYXEV,74134,164
MQDF,96971,164
CMFTRQBY,98524,164
LSFEABMK,4735,165
MLZIFEK,7572,165
TAABATQK,8120,165
JPMU,15020,165
KOBL,16608,165
JARWTQLVMQ,17380,165
OQSUK,19075,165
JPSRWRL,27781,165
WGAP,28212,165
RIHEVB,35096,165
MZXGFYSQTD,36458,165
VZF,39519,165
VHBM,43150,165
PGDZBW,47992,165
KWJXQD,48849,165
XGYGSYKJC,51856,165
LFR,52677,165
TAZSSN,65384,165
VAYUIKSARJ,66859,165
AOP,67924,165
UIPZBYZSWO,74299,165
NRSPMBUS,78798,165
JFGGH,84016,165
CSKRF,86549,165
TJF,92115,165
IZGLEJW,97798,165
KRNCRXWZG,99430,165
UHBGN,1550,166
XZGSRZLDON,4344,166
ZLQ,8831,166
UBRMZVAA,9012,166
ZBFWAAE,18911,166
DGNHRTGEAJ,25057,166
XPEKAJNAMA,25519,166
AESXNCVD,27323,166
EAADJDSEBF,29480,166
LMTICBZVDW,32970,166
MUQ,38244,166
HXZQFLO,38358,166
OLSCQQKXMO,39869,166
XIOQUQMR,40493,166
PZDXSUE,42629,166
POFYWYGWQ,50030,166
HYETZLRDO,52948,166
TDWHQWK,58998,166
IYWDZ,59365,166
HVYZVXEE,62615,166
HDMSNE,63955,166
AFHIUHVKO,66353,166
ANIOP,66487,166
ATM,68571,166
ZVAZJ,83250,166
JHYRCHENN,86377,166
UVPMZ,90332,166
JNV,98366,166
ONO,1012,167
BHDBQ,4811,167
YJMB,5057,167
CXQOKLCBQ,5226,167
PSEYYKENE,13447,167
KPJI,16176,167
GMT,18349,167
YGTLQM,18886,167
YSSVSHBCO,18985,167
WPZ,21190,167
IGATHQ,30959,167
AOAANUQEZK,31381,167
UXU,36681,167
DLSQDLLME,43569,167
EXFOGEJLWW,48559,167
YJBWFW,61585,167
JMKM,64014,167
SSNNRW,64722,167
HLRYQCIV,66057,167
OAZIFCTF,76881,167
MOMFC,77148,167
TMN,80882,167
NEVJSNRC,92753,167
MSOW,92820,167
BDPYAAE,95092,167
BYDMSMG,97764,167
AZISZGJK,8186,168
JUEFOXSH,12045,168
DGT,14113,168
ZPBQYDU,19330,168
PLYWY,21645,168
YPYI,21740,168
GILM,29423,168
QQHWUIHNQ,29756,168
MQXUPF,32717,168
MREOMA,34512,168
ASYKRY,36806,168
IIPFVUN,38245,168
DZIXVXWF,40708,168
XQRF,59335,168
WVSHEI,59461,168
BTR,59993,168
CGJWAUNQ,65102,168
YIA,65106,168
OODG,77089,168
ECB,79527,168
DIGIDWVI,79905,168
EHZPJSOJCY,85030,168
SBMDG,88866,168
BPSVIL,95720,168
ZYU,1765,169
ODYRU,3026,169
FDILUA,9828,169
XDEFXAF,12059,169
WBUJR,18907,169
GEXJGKVM,19738,169
WCQS,20120,169
JFBWHLRKZ,23774,169
CQOCOLEE,27617,169
SJHZYT,35847,169
VVQCFUQQL,39593,169
KVOJFGH,41651,169
PGF,44068,169
LHDFVF,54350,169
ZZFPAIVV,57370,169
OETYS,57408,169
SQBDKT,59867,169
GKJ,62597,169
WPKNPGWPQ,68309,169
HUMBQHTAMQ,69949,169
WXDEZBN,70344,169
PXPOGEIH,71877,169
GPGZD,82838,169
MNVTR,88847,169
FKRG,89049,169
ETHODYN,91556,169
ZTHII,1662,170
UIFIQWLX,2285,170
TSYYBFMGLW,3866,170
BLGLXZKUR,11776,170
YTJYDCNW,11823,170
CGLULIHUS,14689,170
PCEN,17821,170
VBYLJOEGMG,19445,170
ZTOLEC,20845,170
JDSFDYHZT,25106,170
GGHTJKFWUZ,28303,170
DGY,32471,170
YLRMPIRZ,38538,170
XVOHGZQHQN,43538,170
VFHFBGT,45542,170
MTESMTAZ,46687,170
GLBNNR,49748,170
WURQBWYVCH,55452,170
YKQGXB,57783,170
WXIUYM,66651,170
FPSJSHHJJ,70902,170
CAQJRHN,73974,170
HBUULUC,75274,170
PESAQWN,78691,170
ZVNNYHLF,86374,170
OPCYZVC,87649,170
HNMNMKFFVJ,90217,170
DZVY,93217,170
ZUDNVH,93972,170
KFSFPFS,94481,170
ACSQHSH,95555,170
LAJPXHTRF,6918,171
LISTBRH,19793,171
PYZLODDWK,23323,171
VLJAOQHDST,23891,171
TYW,30297,171
STUHAY,33242,171
MMIMHLXQU,34582,171
CBSZAKRU,34841,171
VVLGRK,40981,171
STTXISFH,44809,171
XVTESQT,45940,171
TBLJL,48642,171
KPAX,51063,171
YJEAMOLB,58442,171
YQNNLFRULB,61139,171
TYJ,70988,171
LSHVEA,72535,171
FHCFKZW,74167,171
XFB,75608,171
SNPUWKPK,76553,171
RXZVM,77236,171
GBZDY,77313,171
WGRR,78827,171
SZEUENPZT,79160,171
SPKQX,79930,171
WKWUY,81831,171
ZYHNDJVE,90459,171
BSFVYLSUT,93788,171
OMYYPY,96295,171
FKWKYLD,97816,171
HCKCNIY,99250,171
LVZWLAGT,1112,172
JXZHFQQFY,6397,172
TMYUYHEZI,15350,172
JULVWROU,18034,172
KDLV,26582,172
QSEFQTOJHX,29393,172
XPJ,31195,172
KLOLVXPLVE,31421,172
LNAWHCLP,32133,172
VEKUAZLP,33283,172
ORLNATM,33829,172
NZWH,42615,172
BKMOTDOXML,51840,172
KCHV,53412,172
ECSGGI,55265,172
PKRGD,56483,172
TPWNMWFCQY,66872,172
KDOGBDEHF,67420,172
OYS,68543,172
JIQRI,75170,172
TEHJHPDP,77854,172
NLBSOAPD,85761,172
USYXKMCUN,87053,172
MLVMZMP,87399,172
GCH,8387,173
AVCSNH,11972,173
DKX,15758,173
MQOKQSCHD,22388,173
BALUGWKP,22578,173
VINCCEDU,26409,173
WVEHMDFH,27326,173
BEJTMWME,43414,173
WHPHBZFD,43941,173
IER,44390,173
BKMLERT,49673,173
LVUNH,51950,173
QRYONOC,53895,173
ADD,65940,173
RUVOEZZTOK,66101,173
KBKLEK,66901,173
LSZDXFEW,67058,173
YCXPFQN,68394,173
GAKMGGN,77890,173
TYQGZFILTS,81548,173
IMUSUS,84375,173
KAT,85663,173
UUEYRY,88229,173
GPZFTAE,88313,173
MGCYKQ,97554,173
FKTJCTMBH,99653,173
FPGNNBKYX,3409,174
EUOTWVGE,5338,174
TPKQTQM,6434,174
LFXYSS,9451,174
GZYO,14343,174
KFKPXZRNO,17129,174
YXRRRJU,18461,174
TFAY,18958,174
UEDMKICMT,25808,174
ZJRA,26544,174
GJUNSSKSEX,29690,174
EJUDWXSWN,32644,174
WEUKOOQ,37955,174
JWFALB,41754,174
KPS,51250,174
JTCBPPDNFO,54568,174
EJMINQG,56794,174
CLSDMNTP,59171,174
BXCCXOOTK,59424,174
AQEUA,63274,174
RYMBMZE,64186,174
SUFLBC,65509,174
NZZBTYG,66212,174
JGTADXV,72942,174
JSMT,76213,174
WHLC,80656,174
VDEUATSI,83821,174
DGXLGUZ,86664,174
IEXNK,91577,174
ZJXBPNQ,96224,174
SFORGZEGHB,2753,175
AAT,3701,175
UVGSUFLH,4693,175
AIGK,9088,175
EOXRZFGRDZ,20045,175
ZYLWGFJ,20847,175
FLN,23039,175
QIFXRFHG,26509,175
IAQL,34134,175
WUIVR,37586,175
BKYTLBBPU,39358,175
WFGV,45719,175
DEEHVOVXA,46492,175
KQCAK,46544,175
OKK,49736,175
UUI,58663,175
YOKIKWWZB,61849,175
PFA,66076,175
SDNIWXFZE,67400,175
MKKAOBIGF,71582,175
JCIDT,72690,175
IZT,75095,175
MHOGZEXWEP,75139,175
SEOP,78878,175
FAUQMWX,81104,175
VLT,84654,175
MUZH,94773,175
FYT,99778,175
XFTTVWS,7147,176
MQIXPKSSE,8024,176
QHCE,11238,176
MQUBC,11424,176
ATPO,17533,176
TNHOCY,20966,176
IKDBUKIE,28189,176
FRV,31202,176
ATH,36996,176
OXJQDF,39330,176
ASSYJG,48713,176
UYOMXRVSXK,50484,176
ORSVRIZZKP,58785,176
LZNDM,72550,176
OPWYK,73529,176
JBAH,75515,176
AAELNHX,76159,176
EKT,77782,176
DXQFO,81954,176
CWCCTD,90787,176
WWL,93698,176
NBHQKFQ,95804,176
DWAXEKK,97148,176
AOSCN,2978,177
ZBCD,11028,177
GNFWDI,17101,177
NGGHPAMIGU,17853,177
ACKN,21321,177
UUOAOIRSFW,21761,177
OCZA,24613,177
QLMJMHGZUU,25044,177
YVZVUZQYJ,26825,177
HNOKYXE,27583,177
IHWSCKQCM,27921,177
ARZTXI,41198,177
HBHQ,62268,177
TTR,64322,177
HZMOSXFVCH,66441,177
MCNRC,69947,177
CVC,74833,177
NNRV,76570,177
IJOZKFRDJ,80404,177
GFCPZJJHS,82524,177
IWPLSO,83049,177
TOADJOVFO,84302,177
PGADSQ,87151,177
JHVFM,93161,177
NZMJXKXYSO,93449,177
QKXKTFQ,4615,178
UIHUFIBZK,6802,178
TZW,9499,178
BDL,11213,178
ZWRWGCHYZE,17009,178
DBIPSVCCUK,17050,178
NPLYVFUV,26847,178
SVLABT,28995,178
BWPFDNDOCF,47371,178
ZJEDZ,50413,178
JXOY,56222,178
IGT,64310,178
SXWK,66621,178
DUABMBX,67640,178
LTFO,72113,178
URZBZLFHH,75562,178
QIKOBVCZO,75718,178
UPTHBXYC,76216,178
WWXKSGVJ,76435,178
QDDREILADT,78028,178
AZYYVY,84728,178
JLDBKVC,91637,178
FXXHR,96191,178
WEJB,97233,178
KUPOZM,5134,179
KNLZBLCMV,5310,179
GZMCNWS,5828,179
WJCNUIZDK,11958,179
TSFDBWUM,12469,179
LPSVTYCUAH,12993,179
LVIKHOUQK,24055,179
JEBIR,25231,179
NWMEEHA,40926,179
JSLHRI,46964,179
REEG,51544,179
ZTTMQLTYH,57442,179
DKGPMGN,62617,179
FXKOJEYXG,69031,179
UYXY,69425,179
BFVGC,71354,179
KGXQ,73823,179
WFQB,73824,179
TNCO,74185,179
WJIC,77855,179
FDTLZDS,85921,179
RXMJHJEL,87461,179
YSKUGGXDZ,92321,179
LQLNLHH,93325,179
YRMSN,93606,179
EPUIT,22906,180
VUPL,23355,180
PLZORMONKC,24645,180
OLNJLTUEMK,26263,180
POPKEMUOO,30045,180
AJHXEQCVUT,30922,180
RIJNN,34232,180
SWSDILKQ,34477,180
KMUUF,34622,180
IMHNJKGVVP,38835,180
THDAH,39741,180
PFINJDJ,42423,180
XVXT,48189,180
NFLEHSHXLK,48527,180
CAQIIAD,54979,180
TJB,55166,180
KKIT,57558,180
OVDKD,60654,180
NNHONLNDG,62244,180
ETT,75649,180
BGAHDLWLVQ,89996,180
NKIPLRRW,94264,180
RLOEE,94768,180
BAFZR,16233,181
BXJXWG,18110,181
JCJ,18726,181
MISTYTDUFX,21081,181
EJRELRLXSY,29852,181
VMYYTAGD,30591,181
TDPMBEGDCJ,40072,181
TJDQJHH,41957,181
PGJVZC,42806,181
MXQQYHILFN,48748,181
OHZIZ,51311,181
WNKR,58373,181
CLQQYONZ,59628,181
PYYVUDQZFL,60037,181
GVKHW,62209,181
EIL,65613,181
KCHEXDTEM,69611,181
SJS,81153,181
SMPFDTSXB,84447,181
PBHBIGIDCL,89300,181
NQZ,89524,181
HHKCBQIMU,97609,181
TIDQDH,14415,182
WZFS,16476,182
YVPM,19197,182
DJGVDRSKY,24301,182
NPCFKQWBC,25636,182
OLSPZXA,29505,182
VYBLWDVW,34371,182
SYTGRESCK,46777,182
CYCFK,48233,182
YGCWPO,54039,182
SFGFU,65244,182
BOG,70198,182
AUXVQE,73995,182
IHMLL,74977,182
TLWWIILBD,76184,182
KFD,80702,182
JXDQUTVZ,81087,182
TSUVLTUG,81523,182
MFUPNICJ,84280,182
OYGLMBTA,86415,182
AMWVISJX,3003,183
HYHINYVZTK,13276,183
OZIEFBSRA,18797,183
CCFMUTMTLZ,19200,183
KDTYRP,19992,183
KDBMTIZWJ,20163,183
GIDNYWNKKU,20613,183
TAMQSXGT,24050,183
VSXMXE,24637,183
ADRO,27848,183
LEX,33198,183
UDFWDJB,34121,183
DGADZGKBHW,37611,183
SMYMZGEKC,41597,183
WDFDOJORYA,42143,183
AFZSKFXOM,46346,183
ZOOYQ,46910,183
UPINAU,52223,183
HYLT,55163,183
QNF,57713,183
AND,58717,183
LIGUPRHJC,59478,183
GSCIFWPQ,63772,183
OMWJWA,64276,183
GPUONSM,65414,183
XEHL,65441,183
IPR,68760,183
HXXB,69374,183
RJUKTCEVKB,70984,183
UCQCAOXM,71904,183
CKBR,75428,183
EYCZQRQXED,77867,183
JYRRLFKBQ,78685,183
JFBNUHFYUH,82900,183
DOT,85124,183
LSJKQIYHH,97691,183
WIVMTQVU,1665,184
CHYXFBRA,3462,184
OWPF,6976,184
QBSGQBGNV,20813,184
WISOIKOGX,24189,184
IWB,26814,184
BYXZ,39340,184
AFZG,46844,184
PYGKGDA,51042,184
MEEDF,52051,184
NJFLXCPJLN,52912,184
SGP,62593,184
NODYB,69411,184
SYQKGNQWH,81706,184
XOCGOJKI,85785,184
EPK,87464,184
FPDLQL,99610,184
ELLL,1803,185
QIOESAEVKF,3477,185
AVTLRKLZIG,7126,185
OOOICDK,8774,185
CWAF,9100,185
UNSUPIPN,21726,185
EWWTIPY,21772,185
XSFSHJTKPF,22405,185
BGBAIY,23136,185
VPD,23421,185
RNDX,23601,185
ANEBNSVKH,24608,185
TZHVX,24801,185
SEJ,31029,185
OWA,31680,185
GVDCR,31744,185
HEHRZTZ,33519,185
UQXIJHCCOT,34841,185
VVWFRJSN,39310,185
IXRSUKZBZ,41625,185
XNYHJZDFGM,43650,185
VXNJEPN,44811,185
VVZQKM,54163,185
DIOUJIDFT,57087,185
LWKURBEEMX,62109,185
GUIY,63979,185
JFZDAI,66290,185
XUVANW,68405,185
YVWM,70918,185
QEWGEZK,74871,185
ZKQX,79273,185
AAVWLPBRNU,87199,185
XRLZN,89173,185
LBYYYV,1280,186
NAT,3021,186
YVAIRAOCKY,22109,186
EEWXI,24355,186
MXKXMHCVP,32361,186
WCJJGYY,32464,186
IAMBFEUQIK,34500,186
XRPBQYVJ,34937,186
EKTMBUZI,36788,186
ZPSYETT,39156,186
JOB,45112,186
TCKHP,45272,186
SCIHKLT,47203,186
ECLIF,49324,186
FXKOH,54536,186
HTKWHXCE,72875,186
TIWNYCQO,74252,186
TXXRNPIJK,77584,186
WDZDNHWK,78355,186
PNJBFJUBW,79674,186
EIRYTQDUR,84215,186
CPVXG,85043,186
YYUCIMSWS,90573,186
RHYUTSWHXM,91470,186
LZLHBJDF,93349,186
LJUPW,93355,186
ISB,95076,186
KEUREOVGR,98204,186
SCVLOJ,4797,187
QLTPBRFQ,7427,187
STAAYP,7789,187
GCOWLNQVN,11014,187
SQFMHZ,11484,187
DYDXCPVZD,13526,187
ZEGPUFZ,13538,187
CAANVPF,21456,187
ARILX,22057,187
NHOZGVUIU,26403,187
KPRTAKA,29046,187
XAILJW,32096,187
SYQREC,33818,187
CUTXM,34756,187
YSYG,35307,187
JWJ,45679,187
EFTULRAEJL,46090,187
ZIQHE,56070,187
ZXJTTXNT,57812,187
JTJFNT,63513,187
HPPZL,64172,187
VKWX,70604,187
VQHEBJVOFT,74930,187
JBDNQ,80188,187
CPTNGGLJAY,82674,187
FWUVUB,87380,187
WEAPOPY,95040,187
YUHJAYRJB,95390,187
VMSLGF,99924,187
TRJEZO,2919,188
WLS,3322,188
HOVETDO,5578,188
VRPGYJQ,5580,188
YTPUHTRBH,6354,188
JQSD,11933,188
NKL,15887,188
EWQDO,16507,188
LAYEETVAUW,22286,188
SMMN,25977,188
LYLICJNWU,28911,188
KFM,31997,188
BTB,43382,188
HGB,43411,188
RMMPUR,44471,188
SDOTLCZIA,51894,188
SXQBMK,65975,188
BHSTXJUDVC,71023,188
TUNJ,71643,188
MMWN,80048,188
VZAZBCW,82246,188
KIGSKZGGVJ,91964,188
MQZWRFGZYY,93724,188
NCFCT,94704,188
MTA,96197,188
MGAIFAYV,97703,188
HEIXXM,6452,189
ZFHHQ,6789,189
HKWHO,13584,189
SIGKR,23628,189
QNO,25593,189
ETVQATIGI,25825,189
YUIQCUYTHN,26556,189
IEX,28088,189
MHQBY,30768,189
QHGKZ,33257,189
KNO,36538,189
MTVWJJ,44829,189
FWDAESXIS,47490,189
RDMJWZW,51692,189
QBKJEBFMWK,55584,189
BKVEX,57335,189
BRMZS,58161,189
MSH,58878,189
AWVRLE,59858,189
UYS,64722,189
EAUSVM,84508,189
PYPABQY,45784,190
FNCB,46310,190
QPQNUOQYH,48991,190
RUFZH,53205,190
BBQTWCUZ,53789,190
DYMICMCSBR,55144,190
MMSRR,67130,190
JTQDCDT,78769,190
GZJQ,95451,190
XOYBIUQ,99958,190
VVWEMFA,3146,191
VOKPSJPL,7560,191
XVJVHRRQ,17184,191
XFCMNOQM,21037,191
OBDPBWJ,24321,191
TKKIBBQC,29375,191
ECTJMVZCL,29590,191
WWIIM,30366,191
QIEHCKZYY,33917,191
BVWQYHRLJY,37864,191
FUVEDD,40842,191
YMJJ,46933,191
DWKQW,53396,191
SMIYIYCZN,55479,191
QZTFHSYKDP,58013,191
KHEZSBC,67024,191
JPDOXBDK,68036,191
ZTGQKL,70195,191
KPURWI,75414,191
HKSUGWT,76452,191
MPU,85995,191
DZGK,89905,191
LOIQ,91568,191
OLOEZ,92671,191
DFXSKNZGMR,96476,191
CEJJANZRXK,97198,191
ICG,97613,191
DDMXSITL,98615,191
LQHIWDYES,98785,191
DPHGAMAGM,5132,192
KGHQATGSK,5893,192
GRBESRKSDS,7693,192
WEIIAZOZJ,15028,192
DZZZTUXFRW,20860,192
KIAUQXTB,24919,192
VVWEMEBSUM,32916,192
ODB,33648,192
REVGBXHOYW,34253,192
TRHDY,34440,192
TXTFZCH,35332,192
YIABVQMN,38174,192
ZJNORJJWIC,38706,192
NVDXEDQH,39226,192
RWLOJCI,40452,192
TPWTXMHOCP,43295,192
SEI,48424,192
UNFGJO,52103,192
CCCIPQ,53066,192
YZQJVEZF,54350,192
VNULEY,55324,192
HSCLJHU,60852,192
XRMDNROOMB,78105,192
OKC,87486,192
LPZD,91948,192
UXBB,91965,192
MRG,92347,192
UPTP,7500,193
TAIYKQOYB,13003,193
ECXZRSCC,16239,193
YFWXCYDUK,25983,193
RUSPWA,26565,193
DSCFH,30385,193
BFTVGGRYIV,34800,193
IIILCVBW,35933,193
GNZSPWMHTE,38060,193
VIPJQS,43616,193
OGLCBULUU,44790,193
NMUBHFEO,47821,193
OZHCNEMJ,62490,193
QFUVXFDC,65006,193
UVUY,68087,193
DEPSYVV,73990,193
NHM,82676,193
CJGBOMZT,82799,193
TUC,91582,193
QZPRMFKPR,94337,193
KVUUVJBHF,95499,193
JQQJUV,2341,194
LUPDAXYEUH,4113,194
PTNBSODT,6665,194
HWPIITPCSH,8920,194
YAROOP,14399,194
MRSQ,15059,194
QKQQ,15066,194
ANIWI,15559,194
WNUTBTWLW,16714,194
SIRZZELO,25700,194
YCWNJPA,38616,194
KMXRHZN,40656,194
NJCKBSZKBH,40824,194
LMIZSH,51885,194
HNCIBJV,66499,194
XAYRF,73406,194
FCKECNOUPU,80905,194
WFN,80962,194
RHNBCF,87844,194
SPVWUY,89573,194
ZXDW,95843,194
ZJMGNRPC,96841,194
BOXM,97268,194
PCATSE,98316,194
FLMIDI,4990,195
UYEFL,8389,195
XAOYVHJ,10429,195
BXXWOFN,14996,195
RGTBW,18849,195
KCOK,20881,195
TFCREHWE,23237,195
FPB,27192,195
SPKCTNQIPS,28261,195
MDXBII,54374,195
KLIJIGWKZ,66829,195
PCXCA,71479,195
DPC,72918,195
VSUE,73276,195
XDXAEUB,81787,195
PBJYGCN,87317,195
SESGUGK,88864,195
VEHK,90166,195
YHOUSWBJI,91290,195
YMEIWCH,93472,195
JOYHTG,94606,195
ISVMOVMLE,96889,195
CQBOTHZA,3059,196
KNPHVI,4749,196
BIRKM,9449,196
GMJKSB,14394,196
CXQ,20270,196
IMNTDYFNWG,26729,196
UYUWGQR,28507,196
MWQ,29995,196
EBDKCK,30540,196
CTYTXBYCVZ,37801,196
NYO,40436,196
RCHC,44243,196
CHHBWP,44494,196
UKZTBCQZB,45422,196
ESC,47533,196
NAKHP,48958,196
UHNH,51504,196
SVJHV,57645,196
OWUGGKMF,66107,196
GODMV,67258,196
WSQNXEVED,68710,196
KODJKSLKS,74648,196
ECKLFL,77686,196
OKCKHZHQU,79466,196
NZJK,87509,196
WEZ,94155,196
NFQVJ,94629,196
VXPCDFZF,96789,196
JKJQTYZA,1594,197
DEYBJEHTH,2585,197
BQKLYZPFAY,12821,197
IGFNNDRPP,17418,197
SBJFFBQ,30086,197
JZBCFJTY,35035,197
JUNSRAPQ,35678,197
JZVII,36464,197
YME,42771,197
GEFTNXZQKS,46689,197
PZJA,48401,197
UISKEYILL,49407,197
RGGSBS,55562,197
MHDS,61073,197
EJPD,66916,197
NYKCDYPCF,68566,197
SKWXHLQ,69117,197
BQVF,75455,197
YGYRI,84869,197
ZAWOJ,98440,197
WTOSIKCEE,6446,198
CJIOK,6481,198
XTGKUJQUJ,10626,198
TIYMOYY,10867,198
XYSE,16524,198
ZXROWIHOD,17255,198
HCMU,19073,198
FMI,19763,198
ISGPWFIOHE,22216,198
NLCSYJPD,22249,198
GHWKXBT,26273,198
RVAYMO,31180,198
IIE,32865,198
LRS,34165,198
ZCAOX,35577,198
YWRRQQAU,42550,198
JYAFKNT,43560,198
HBBFGQDQ,44734,198
SRDJJGW,49152,198
FMP,50497,198
EITUHIH,52027,198
SNCWXYYA,59973,198
DYBW,62102,198
ZIYWBSNVAN,65954,198
JFWCFLD,69063,198
QDLPFQ,69751,198
AWXEWOX,79300,198
LLZZN,80999,198
EYQEM,84731,198
BBADBJOU,85602,198
OVRZUNFUWU,86493,198
NXKMPFQN,92711,198
OIOMOH,95268,198
DWXB,99349,198
RTNRNRYEY,5647,199
RSIJSMDGP,13259,199
JRJQPT,16772,199
GLILMPCNPM,16963,199
ZOCRNLY,18147,199
KYZIHQO,22307,199
LRI,23355,199
TLGJIQGIB,24106,199
TCDK,29358,199
QYZVGPKI,37763,199
HKTALPZ,41012,199
QHUYTJWZ,44186,199
NAFIKBHR,44187,199
WYW,45293,199
MUNU,45715,199
AMOTJHFRGP,47534,199
JSBGISLTHE,57136,199
HIUIUBN,58879,199
OTUQBFYHF,61047,199
SQEM,65912,199
OSXNEK,66106,199
XJTTAZTYA,70022,199
IUHLRYEY,73186,199
XABQBRFG,82419,199
GNYTWHMR,86313,199
RMFUB,87263,199
YYPSKYCQ,94465,199
QNGWMT,97479,199
RIULQDZ,1282,200
ZBUEDIX,4326,200
PSNLYPBU,9192,200
NMLS,10300,200
TFVFK,11669,200
NGYVYLPSLU,13614,200
DDKDZP,16878,200
AURDY,24399,200
FEAASMTF,24799,200
URGMFYMIG,26944,200
UUYQUCZNI,30676,200
ZCMYNHN,31561,200
PIRT,32366,200
MCAP,33997,200
EUIOA,37340,200
AYRBCZTQT,38821,200
ZWVVRC,50791,200
FIQFRC,55944,200
GHSYSF,55994,200
CNKHBRQ,58199,200
IZZRYFGC,66536,200
QVDGONOB,66904,200
KCHZM,67596,200
EXOMMMR,71269,200
YEOZBBLNXC,72921,200
FPYMX,75710,200
JQRQH,80894,200
RHKMKKO,86587,200
UZQKT,89088,200
FODRFAGVCB,90401,200
EYK,90750,200
JZFE,92685,200
FRGLKENYZC,96266,200
WONBIFCNUO,96291,200
VTOGLZQ,98905,200
VUYSPAQ,99744,200
